ZANZIBAR,UNGUJA,SOUTH,KIKADINI,SK/MS/208,,KITOGANI,E,-6.32954,39.55142,U,,,,,Zantel,,,SOUTH ,
ZANZIBAR,UNGUJA,SOUTH,JAMBIANI,SK/MS/206,,KITOGANI,E,-6.32420,39.54930,U,,,,,Zantel,,,SOUTH,
ZANZIBAR,UNGUJA,SOUTH,KIONGONI,SK/MS/56,,KITOGANI,E,-6.41294,39.55437,U,,,,,Zantel,,,SOUTH,
ZANZIBAR,UNGUJA,CENTRAL,CHARAWE,SK/MS/44,,KITOGANI,B,-6.18848,39.44058,G,P2P,,,,Kicheko Survey,Mohamedi Hilali,0777-211937,SOUTH,
ZANZIBAR,UNGUJA,SOUTH,PAJE,SK/MSS/05,,KITOGANI,E,-6.26482,39.53314,U,,,,,Zantel,,,SOUTH,
ZANZIBAR,UNGUJA,CENTRAL,MICHAMVI,SK/MS/45,,KITOGANI,M,-6.14495,39.50033,G,,,,,Kicheko Survey,Muhamed Ussi Haji,0777-150410,SOUTH,
ZANZIBAR,UNGUJA,SOUTH,KUSINI,SK/MS/57,,KITOGANI,E,-6.42438,39.55445,U,,,,,Zantel,,,SOUTH,
ZANZIBAR,UNGUJA,CENTRAL,PETE,SK/MS/107,,KITOGANI,E,-6.28359,39.40592,U,,,,,Zantel,,,SOUTH,
ZANZIBAR,UNGUJA,SOUTH,KIZIMKAZI DIMBANI,SK/MSK/106,,KITOGANI,E,-6.45288,39.47190,U,,,,,Zantel,,,SOUTH,
ZANZIBAR,UNGUJA,CENTRAL,UNGUJA UKUU,SK/MS/210,,KITOGANI,E,-6.28848,39.37037,U,,,,,Zantel,,,SOUTH,
ZANZIBAR,UNGUJA,CENTRAL,KIKUNGWI,SK/MS/157,,KITOGANI,E,-6.27407,39.34526,U,,,,,Zantel,,,SOUTH,
ZANZIBAR,UNGUJA,SOUTH,MIWALENI,SK/MMSK/01,,KITOGANI,E,-6.41943,39.54459,U,,,,,Zantel,,,SOUTH,
ZANZIBAR,UNGUJA,SOUTH,KITOGANI,SK/MMS/02,,KITOGANI,E,,,U,,,,,,,,SOUTH,
ZANZIBAR,UNGUJA,CENTRAL,BUNGI,SK/MS/177,,KITOGANI,E,-6.24842,39.33256,U,,,,,Zantel,,,SOUTH,
ZANZIBAR,UNGUJA,SOUTH,MUUNGONI,SK/MS/139,,KITOGANI,E,-6.31076,39.43050,U,,,,,Zantel,,,SOUTH,
ZANZIBAR,UNGUJA,SOUTH,BWEJUU,SK/MSK/70,,KITOGANI,E,-6.24233,39.53336,U,,,,,Zantel,,,SOUTH,
ZANZIBAR,UNGUJA,SOUTH,KIBUTENI,SK/MS/74,,KITOGANI,E,-6.41776,39.49348,U,,,,,Zantel,,,SOUTH,
ZANZIBAR,UNGUJA,CENTRAL,UZI,SK/MSK/50,,KITOGANI,E,-6.33668,39.40459,U,,,,,Zantel,,,SOUTH,
ZANZIBAR,UNGUJA,SOUTH,KAJENGWA,SK/MS/55,,KITOGANI,E,-6.40105,39.54710,U,,,,,Zantel,,,SOUTH,
ZANZIBAR,UNGUJA,SOUTH,MTENDE,SK/MSK/73,,KITOGANI,E,-6.44978,39.52643,U,,,,,Zantel,,,SOUTH,
ZANZIBAR,UNGUJA,SOUTH,MUYUNI,SK/MSK/75,,KITOGANI,E,-6.36592,39.45700,U,,,,,Zantel,,,SOUTH,
ZANZIBAR,UNGUJA,SOUTH,KIZIMKAZI,SK/MSK/74,,KITOGANI,E,-6.45288,39.47190,U,,,,,Zantel,,,SOUTH,
ZANZIBAR,UNGUJA,CENTRAL,UKONGORONI,SK/MSK/79,,KITOGANI,E,-6.20319,39.48019,U,,,,,Zantel,,,SOUTH,
ZANZIBAR,UNGUJA,CENTRAL,BAMBI,SK/MSK/54,,DUNGA,E,-6.08185,39.34835,U,,,,,Zantel,,,SOUTH,
ZANZIBAR,UNGUJA,CENTRAL,CHEJU,SK/MSK/122,,DUNGA,E,-6.21116,39.38236,U,,,,,Zantel,,,SOUTH,
ZANZIBAR,UNGUJA,CENTRAL,CHWAKA,SK/MSK/52,,DUNGA,E,-6.16560,39.43624,U,,,,,Zantel,,,SOUTH,
ZANZIBAR,UNGUJA,CENTRAL,DUNGA,SK/MS/194,,DUNGA,E,,,U,,,,,,,,SOUTH,
ZANZIBAR,UNGUJA,CENTRAL,GHANA,SK/MS/99,,DUNGA,E,-6.04340,39.30108,U,,,,,Zantel,,,SOUTH,
ZANZIBAR,UNGUJA,CENTRAL,KIDIMNI,SK/MS/171,,DUNGA,E,-6.11624,39.30476,U,,,,,Zantel,,,SOUTH,
ZANZIBAR,UNGUJA,CENTRAL,MWERA,SK/MS/128,,DUNGA,E,-6.14377,39.27216,U,,,,,Zantel,,,SOUTH,
ZANZIBAR,UNGUJA,WEST,REGEZAMWENDO,SK/MS/204,,DUNGA,M,-6.14972,39.25730,S,,,,,Kicheko Survey,,,WEST,
ZANZIBAR,UNGUJA,CENTRAL,UMBUJI,SK/MS/43,,DUNGA,E,-6.11847,39.37058,U,,,,,Zantel,,,SOUTH,
ZANZIBAR,UNGUJA,CENTRAL,NDIJANI,SK/MS/95,,DUNGA,E,-6.17744,39.34807,U,,,,,Zantel,,,SOUTH,
ZANZIBAR,UNGUJA,CENTRAL,NDIJANI MSEWENI,SK/MMS/07,,DUNGA,E,-6.18988,39.35225,U,,,,,Zantel,,,SOUTH,
ZANZIBAR,UNGUJA,CENTRAL,UROA,SK/MS/188,,DUNGA,E,-6.09264,39.42505,U,,,,,Zantel,,,SOUTH,
ZANZIBAR,UNGUJA,CENTRAL,JENDELE,SK/MS/42,,DUNGA,E,-6.17861,39.37288,U,,,,,Zantel,,,SOUTH,
ZANZIBAR,UNGUJA,CENTRAL,MCHANGANI,SK/MS/76,,DUNGA,E,-6.04325,39.33459,U,,,,,Zantel,,,SOUTH,
ZANZIBAR,UNGUJA,CENTRAL,MARUMBI,SK/MS/140,,DUNGA,B,-6.12795,39.42345,G,P2P,,,,Kicheko Survey,Ramadhan Ame,0777-853006,SOUTH,
ZANZIBAR,UNGUJA,CENTRAL,MACHUI,SK/MS/105,,DUNGA,E,-6.10119,39.28576,U,,,,,Zantel,,,SOUTH,
ZANZIBAR,UNGUJA,CENTRAL,UBAGO,SK/MS/77,,DUNGA,E,-6.11624,39.30476,U,,,,,Zantel,,,SOUTH,
ZANZIBAR,UNGUJA,CENTRAL,KIBOJE,SK/MS/207,,DUNGA,E,-6.08127,39.30689,U,,,,,Zantel,,,SOUTH,
ZANZIBAR,UNGUJA,CENTRAL,TUNGUU,SK/MS/111,,DUNGA,E,-6.18565,39.32711,U,,,,,Zantel,,,SOUTH,
ZANZIBAR,UNGUJA,CENTRAL,KIBELE,SK/MSK/49,,DUNGA,E,-6.13428,39.32057,U,,,,,Zantel,,,SOUTH,
ZANZIBAR,UNGUJA,CENTRAL,UZINI,SK/MS/85,,DUNGA,E,-6.07189,39.32961,U,,,,,Zantel,,,SOUTH,
ZANZIBAR,UNGUJA,CENTRAL,PAGALI,SK/MS/154,,DUNGA,M,-6.10620,39.34683,G,,,,,Kicheko Survey,Hamad Ally Haji,0777-853034,SOUTH,
ZANZIBAR,UNGUJA,CENTRAL,MIWANI,SK/MS/153,,DUNGA,E,-6.08187,39.27848,U,,,,,Zantel,,,SOUTH,
ZANZIBAR,UNGUJA,CENTRAL,PONGWE MWERA,SK/MS/147,,DUNGA,E,-6.16110,39.28635,U,,,,,Zantel,,,SOUTH,
ZANZIBAR,UNGUJA,CENTRAL,PONGWE PWANI,SK/MMSK/02,,DUNGA,B,-6.04490,39.40485,G,CDMA,,,,Kicheko Survey,Saidi Juma,0777-869212,SOUTH,
ZANZIBAR,UNGUJA,CENTRAL,JUMBI,SK/MS/143,,DUNGA,E,-6.19655,39.30302,U,,,,,Zantel,,,SOUTH,
ZANZIBAR,UNGUJA,WEST,BUBUBU 'A',SK/MSK/59,,BUBUBU,E,-6.10586,39.21657,U,,,,,Zantel,,,WEST,
ZANZIBAR,UNGUJA,WEST,BUBUBU 'B',SK/MS/104,,BUBUBU,E,-6.10586,39.21657,U,,,,,Zantel,,,WEST,
ZANZIBAR,UNGUJA,NORTH B,BUMBWINI,SK/MSK/10,,BUBUBU,E,-5.97057,39.19697,U,,,,,Zantel,,,NORTH,
ZANZIBAR,UNGUJA,URBAN,CHUMBUNI,SK/MS/49,,BUBUBU,E,-6.14402,39.21566,U,,,,,Zantel,,,WEST,
ZANZIBAR,UNGUJA,URBAN,DARAJANI,SK/MS/15,,BUBUBU,M,-6.16399,39.19294,G,,,,,Zantel,,,WEST,
ZANZIBAR,UNGUJA,WEST,DOLE,SK/MMS/01,,BUBUBU,M,-6.10455,39.25730,G,,,,,Kicheko Survey,Mwanaisha  Saidi Abdallah,0777-475667,WEST,
ZANZIBAR,UNGUJA,URBAN,KAJIFICHENI,SK/MS/10,,BUBUBU,E,-6.16248,39.19027,U,,,,,Zantel,,,WEST,
ZANZIBAR,UNGUJA,WEST,KIBWENI,SK/MS/205,,BUBUBU,E,-6.11510,39.22690,U,,,,,Zantel,,,WEST,
ZANZIBAR,UNGUJA,WEST,KIDICHI,SK/MS/202,,BUBUBU,E,-6.09417,39.23285,U,,,,,Zantel,,,WEST,
ZANZIBAR,UNGUJA,URBAN,KILIMAHEWA 'A',SK/MS/48,,BUBUBU,E,-6.16017,39.22220,U,,,,,Zantel,,,WEST,
ZANZIBAR,UNGUJA,URBAN,KILIMAHEWA 'B',SK/MS/152,,BUBUBU,E,-6.16017,39.22220,U,,,,,Zantel,,,WEST,
ZANZIBAR,UNGUJA,WEST,KIZIMBANI,SK/MS/218,,BUBUBU,E,-6.08584,39.26019,U,,,,,Zantel,,,WEST,
ZANZIBAR,UNGUJA,URBAN,MAKADARA (MAKADALA),SK/MS/167,,BUBUBU,M,-6.15912,39.20677,G,,,,,Kicheko Survey,Salika Madiki Adam,0773-091399,WEST,
ZANZIBAR,UNGUJA,NORTH B,MAKOBA,SK/MS/2,,BUBUBU,E,-5.95555,39.19328,U,,,,,Zantel,,,NORTH,
ZANZIBAR,UNGUJA,NORTH B,MANGAPWANI,SK/MS/186,,BUBUBU,E,-5.98570,39.19716,U,,,,,Zantel,,,NORTH,
ZANZIBAR,UNGUJA,WEST,MTONI KIDATU,SK/MS/187,,BUBUBU,E,-6.13490,39.23251,U,,,,,Zantel,,,WEST,
ZANZIBAR,UNGUJA,WEST,MTOPEPO 'A',SK/MSK/86,,BUBUBU,E,-6.14691,39.22154,U,,,,,Zantel,,,WEST,
ZANZIBAR,UNGUJA,WEST,MTOPEPO 'B',SK/MS/92,,BUBUBU,B,-6.14667,39.22095,G,CDMA,,,,Kicheko Survey,Mlekwa Ali,0773-337138,WEST,
ZANZIBAR,UNGUJA,URBAN,RAHALEO,SK/MS/19,,BUBUBU,E,-6.16471,39.20277,U,,,,,Zantel,,,WEST,
ZANZIBAR,UNGUJA,URBAN,SHAURIMOYO,SK/MS/18,,BUBUBU,E,-6.15700,39.21315,U,,,,,Zantel,,,WEST,
ZANZIBAR,UNGUJA,WEST,WELEZO,SK/MS/190,,BUBUBU,E,-6.15698,39.23086,U,,,,,Zantel,,,WEST,
ZANZIBAR,UNGUJA,WEST,MWACHEALALE,SK/MS/176,,BUBUBU,M,-6.03548,39.26422,S,,,,,Kicheko Survey,Idd Ally  Kiduma,0777-867739,WEST,
ZANZIBAR,UNGUJA,WEST,CHUINI,SK/MS/69,,BUBUBU,E,-6.06775,39.22245,U,,,,,Zantel,,,WEST,
ZANZIBAR,UNGUJA,NORTH B,FUJONI,SK/MSK/78,,BUBUBU,E,-6.01169,39.20197,U,,,,,Zantel,,,NORTH,
ZANZIBAR,UNGUJA,WEST,KAMA,SK/MS/170,,BUBUBU,B,-6.04702,39.22200,S,CDMA,,,,Kicheko Survey,Amoor Yussuf,0773-340059,WEST,
ZANZIBAR,UNGUJA,NORTH B,KIYONGWE,SK/MSK/114,,BUBUBU,E,-5.92245,39.19601,U,,,,,Zantel,,,NORTH,
ZANZIBAR,UNGUJA,WEST,LANGONI,SK/MSK/62,,BUBUBU,E,-6.09735,39.25200,U,,,,,Zantel,,,WEST,
ZANZIBAR,UNGUJA,WEST,MBUZINI,SK/MSK/101,,BUBUBU,E,-6.07043,39.23647,U,,,,,Zantel,,,WEST,
ZANZIBAR,UNGUJA,WEST,MTONI KIGOMENI,SK/MS/102,,BUBUBU,B,-6.12608,39.22008,G,,,,,Kicheko Survey,Miza Hamid (Ms),0773-420295,WEST,
ZANZIBAR,UNGUJA,WEST,MWENGE,SK/MS/078,,BUBUBU,B,-6.05862,39.25422,G,,,,,Kicheko Survey,Mohamed Chatu,0777-851873,WEST,
ZANZIBAR,UNGUJA,URBAN,MWEMBEMAKUMBI,SK/MS/04,,BUBUBU,M,-6.14873,39.21048,G,,,,,Kicheko Survey,Suleman  Hamad Sulemani,0777-470817,WEST,
ZANZIBAR,UNGUJA,WEST,KIANGA,SK/MS/97,,BUBUBU,E,-6.13603,39.25603,U,,,,,Zantel,,,WEST,
ZANZIBAR,UNGUJA,WEST,MFENESINI,SK/MSK/63,,BUBUBU,E,-6.04232,39.22939,U,,,,,Zantel,,,WEST,
ZANZIBAR,UNGUJA,NORTH A,NUNGWI,SK/MSK/07,,MKWAJUNI,E,-5.72888,39.29307,U,,,,,Zantel,,,NORTH,
ZANZIBAR,UNGUJA,NORTH A,KILINDI,SK/MSK/124,,MKWAJUNI,E,-5.75615,39.29976,U,,,,,Zantel,,,NORTH,
ZANZIBAR,UNGUJA,NORTH A,KIGUNDA,SK/MS/146,,MKWAJUNI,E,-5.77803,39.29943,U,,,,,Zantel,,,NORTH,
ZANZIBAR,UNGUJA,NORTH A,KIDOTI,SK/MSK/6,,MKWAJUNI,B,-5.79127,39.30103,G,CDMA,,,,Kicheko Survey,Hashim Wadi,0776-399360,NORTH,
ZANZIBAR,UNGUJA,NORTH A,FUKUCHANI ,SK/MS/61,,MKWAJUNI,E,-5.82112,39.29077,U,,,,,Zantel,,,NORTH,
ZANZIBAR,UNGUJA,NORTH A,POTOA,SK/MSK/5,,MKWAJUNI,E,-5.86448,39.28038,U,,,,,Zantel,,,NORTH,
ZANZIBAR,UNGUJA,NORTH A,MKWAJUNI ,SK/MS/47,,MKWAJUNI,E,-5.88253,39.28456,U,,,,,Zantel,,,NORTH,
ZANZIBAR,UNGUJA,NORTH A,MKOKOTONI,SK/MS/149,,MKWAJUNI,E,-5.87423,39.25779,U,,,,,Zantel,,,NORTH,
ZANZIBAR,UNGUJA,NORTH A,PALE MSINGI,SM/MSK/2,,MKWAJUNI,E,-5.89994,39.25171,U,,,,,Zantel,,,NORTH,
ZANZIBAR,UNGUJA,NORTH A,JONGOWE ,SK/MS/159,,MKWAJUNI,E,-5.85714,39.21742,U,,,,,Zantel,,,NORTH,
ZANZIBAR,UNGUJA,NORTH A,TUMBATU ,SK/MS/162,,MKWAJUNI,E,-5.83401,39.23327,U,,,,,Zantel,,,NORTH,
ZANZIBAR,UNGUJA,NORTH A,KIBENI,SK/MS/148,,MKWAJUNI,E,-5.87541,39.29169,U,,,,,Zantel,,,NORTH,
ZANZIBAR,UNGUJA,NORTH A,KIBUYUNI,SK/MS/72,,MKWAJUNI,E,-5.88871,39.29929,U,,,,,Zantel,,,NORTH,
ZANZIBAR,UNGUJA,NORTH A,KIJINI,SK/MSK/81,,MKWAJUNI,B,-5.83937,39.33003,S,,,,,Kicheko Survey,Ulimwengu Makame,0773-425723,NORTH,
ZANZIBAR,UNGUJA,NORTH A,MBUYU TENDE,SK/MS/232,,MKWAJUNI,E,-5.82477,39.34797,U,,,,,Zantel,,,NORTH,
ZANZIBAR,UNGUJA,NORTH A,MFURU MATONGA,SK/MS/144,,MKWAJUNI,E,-5.88065,39.33345,U,,,,,Zantel,,,NORTH,
ZANZIBAR,UNGUJA,NORTH A,MATEMWE,SK/MSK/09,,MKWAJUNI,B,-5.87548,39.35122,G,3G,,,,Kicheko Survey,Hamad Haji,0777-848761,NORTH,
ZANZIBAR,UNGUJA,NORTH A,KIGOMANI,SK/MS/164,,MKWAJUNI,B,-5.85210,39.35487,G,,,,,Kicheko Survey,Silima Mchahaji,0773-904600,NORTH,
ZANZIBAR,UNGUJA,NORTH A,KILIMAJUU,SK/MS/231,,MKWAJUNI,E,-5.89602,39.35177,U,,,,,Zantel,,,NORTH,
ZANZIBAR,UNGUJA,NORTH A,PWANI MCHANGANI,SK/MSK/64,,MKWAJUNI,E,-5.92028,39.35569,U,,,,,Zantel,,,NORTH,
ZANZIBAR,UNGUJA,NORTH A,GAMBA,SK/MS/71,,MKWAJUNI,E,-5.91160,39.30111,U,,,,,Zantel,,,NORTH,
ZANZIBAR,UNGUJA,NORTH A,MOGA,SK/MS/219,,MKWAJUNI,E,-5.90630,39.29478,U,,,,,Zantel,,,NORTH,
ZANZIBAR,UNGUJA,NORTH A,CHAANI ,SK/MS/173,,MKWAJUNI,E,-5.93005,39.29937,U,,,,,Zantel,,,NORTH,
ZANZIBAR,UNGUJA,NORTH A,KIKOBWENI (CHAANI KIKOBWENI),SK/MS/141,,MKWAJUNI,E,-5.94869,39.30543,U,,,,,Zantel,,,NORTH,
ZANZIBAR,UNGUJA,NORTH A,KINYASINI,SK/MS/70,,MKWAJUNI,E,-5.96946,39.30730,U,,,,,Zantel,,,NORTH,
ZANZIBAR,UNGUJA,NORTH B,KILOMBERO,SK/MS/151,,MKWAJUNI,E,-6.02266,39.32723,U,,,,,Zantel,,,NORTH,
ZANZIBAR,UNGUJA,NORTH B,UPENJA,SK/MS/156,,MKWAJUNI,E,-5.98451,39.33165,U,,,,,Zantel,,,NORTH,
ZANZIBAR,UNGUJA,NORTH B,KIWENGWA,SK/MS/03,,MKWAJUNI,E,-5.99580,39.38021,U,,,,,Zantel,,,NORTH,
ZANZIBAR,UNGUJA,NORTH A,BANDA MAJI,SK/MS/145,,MKWAJUNI,E,-5.96183,39.29744,U,,,,,Zantel,,,NORTH,
ZANZIBAR,UNGUJA,NORTH B,MGAMBO,SK/MS/174,,MKWAJUNI,E,-5.97601,39.29540,U,,,,,Zantel,,,NORTH,
ZANZIBAR,UNGUJA,NORTH B,KINDUNI,SK/MS/193,,MKWAJUNI,E,-5.99049,39.26424,U,,,,,Zantel,,,NORTH,
ZANZIBAR,UNGUJA,NORTH B,MAHONDA,SK/MS/158,,MKWAJUNI,E,-5.99355,39.25269,U,,,,,Zantel,,,NORTH,
ZANZIBAR,UNGUJA,NORTH B,KITOPE,SK/MS/54,,MKWAJUNI,E,-6.01567,39.25198,U,,,,,Zantel,,,NORTH,
ZANZIBAR,UNGUJA,NORTH B,DONGE KARANGE,SK/MS/161,,MKWAJUNI,M,-5.96342,39.24963,S,,,,,Kicheko Survey,Salma Abubakar Mohamed,0773-140193,NORTH,
ZANZIBAR,UNGUJA,NORTH B,DONGE PRIMARY,SK/MS/62,,MKWAJUNI,B,-5.94208,39.25193,G,,,,,Kicheko Survey,Salum Mussa,0779-474610,NORTH,
ZANZIBAR,UNGUJA,NORTH B,DONGE MTAMBILE,SK/MS/163,,MKWAJUNI,E,-5.93026,39.25380,U,,,,,Zantel,,,NORTH,
ZANZIBAR,UNGUJA,NORTH B,MWANDA,SK/MS/125,,MKWAJUNI,E,-5.92294,39.24081,U,,,,,Zantel,,,NORTH,
ZANZIBAR,UNGUJA,NORTH B,DONGE KIPANGE,SK/MMS/03,,MKWAJUNI,E,,,U,,,,,,,,NORTH,
ZANZIBAR,UNGUJA,NORTH A,KANDWI,SK/MS/169,,MKWAJUNI,E,-5.92839,39.34060,U,,,,,Zantel,,,NORTH,
ZANZIBAR,UNGUJA,WEST,BWEFUM,SK/MSK/60,,KIEMBESAMAKI,E,-6.30999,39.29622,U,,,,,Zantel,,,WEST,
ZANZIBAR,UNGUJA,URBAN,MKUNAZINI,SK/MS/07,,KIEMBESAMAKI,M,-6.16355,39.19333,G,,,,,Kicheko Survey,Joice Mwakanjuki John,0777-422358,WEST,
ZANZIBAR,UNGUJA,URBAN,KISIWANDUI,SK/MS/11,,KIEMBESAMAKI,B,-6.16506,39.19483,G,CDMA,,,,Zantel,,,WEST,
ZANZIBAR,UNGUJA,URBAN,MWEMBESHAURI,SK/MS/05,,KIEMBESAMAKI,E,-6.16489,39.20346,U,,,,,Zantel,,,WEST,
ZANZIBAR,UNGUJA,URBAN,MUUNGANO,SK/MS/66,,KIEMBESAMAKI,E,-6.16540,39.21407,U,,,,,Zantel,,,WEST,
ZANZIBAR,UNGUJA,URBAN,SEBLENI,SK/MS/94,,KIEMBESAMAKI,E,-6.16610,39.21547,U,,,,,Zantel,,,WEST,
ZANZIBAR,UNGUJA,URBAN,NYERERE MSINGI,SK/MS/93,,KIEMBESAMAKI,E,-6.16844,39.22515,U,,,,,Zantel,,,WEST,
ZANZIBAR,UNGUJA,WEST,KINUNI,SK/MS/127,,KIEMBESAMAKI,E,-6.17215,39.24797,U,,,,,Zantel,,,WEST,
ZANZIBAR,UNGUJA,WEST,MAGOGONI,SK/MS/229,,KIEMBESAMAKI,E,,,U,,,,,,,,WEST,
ZANZIBAR,UNGUJA,WEST,KIJITO UPELE,SK/MS/160,,KIEMBESAMAKI,M,-6.18630,39.23985,G,,,,,Kicheko Survey,Makame Hana,0773-125988,WEST,
ZANZIBAR,UNGUJA,WEST,FUONI MSINGI,SK/MMS/106,,KIEMBESAMAKI,B,-6.19653,39.26450,G,CDMA,,,,Kicheko Survey,Selele Mohamed,0778-155262,WEST,
ZANZIBAR,UNGUJA,WEST,KITONGANI,SK/MMS/04,,KIEMBESAMAKI,B,-6.21950,39.26060,S,CDMA,,,,Kicheko Survey,Mwantum Othman,0776-137305,WEST,
ZANZIBAR,UNGUJA,WEST,KIBONDENI,SK/MSK/125,,KIEMBESAMAKI,E,-6.22087,39.29074,U,,,,,Zantel,,,WEST,
ZANZIBAR,UNGUJA,WEST,DIMANI,SK/MSK/129,,KIEMBESAMAKI,E,-6.26711,39.26653,U,,,,,Zantel,,,WEST,
ZANZIBAR,UNGUJA,WEST,KOMBENI,SK/MSK/61,,KIEMBESAMAKI,E,-6.25905,39.26077,U,,,,,Zantel,,,WEST,
ZANZIBAR,UNGUJA,WEST,MAUNGANI,SK/MSK/112,,KIEMBESAMAKI,M,-6.23217,39.24432,G,,,,,Kicheko Survey,Rajab Ramadhani,0773-025253,WEST,
ZANZIBAR,UNGUJA,WEST,KISAUNI,SK/MS/50,,KIEMBESAMAKI,B,-6.22115,39.23342,G,CDMA,,,,Kicheko Survey,Saidi Ada,0773-526921,WEST,
ZANZIBAR,UNGUJA,URBAN,KIEMBE SAMAKI ,SK/MSK/04,,KIEMBESAMAKI,E,,,U,,,,,,,,WEST,
ZANZIBAR,UNGUJA,WEST,CHUKWANI,SK/MSK/84,,KIEMBESAMAKI,E,-6.22733,39.21663,U,,,,,Zantel,,,WEST,
ZANZIBAR,UNGUJA,URBAN,JANG'OMBE MSINGI 'A',SK/MS/17,,KIEMBESAMAKI,E,-6.17534,39.20580,U,,,,,Zantel,,,WEST,
ZANZIBAR,UNGUJA,URBAN,JANG'OMBE MSINGI 'B',SK/MS/235,,KIEMBESAMAKI,E,-6.17534,39.20580,U,,,,,Zantel,,,WEST,
ZANZIBAR,UNGUJA,URBAN,KIDONGOCHEKUNDU 'A',SK/MS/08,,KIEMBESAMAKI,E,-6.17368,39.21183,U,,,,,Zantel,,,WEST,
ZANZIBAR,UNGUJA,URBAN,KIDONGOCHEKUNDU 'B',SK/MS/108,,KIEMBESAMAKI,E,-6.17368,39.21183,U,,,,,Zantel,,,WEST,
ZANZIBAR,UNGUJA,WEST,MWANAKWEREKWE 'B',SK/MS/52,,KIEMBESAMAKI,B,-6.17925,39.22288,G,,,,,Kicheko Survey,Zaituni Juma,0773-294687,WEST,
ZANZIBAR,UNGUJA,WEST,MWANAKWEREKWE 'C',SK/MS/53,,KIEMBESAMAKI,E,-6.18243,39.22634,U,,,,,Zantel,,,WEST,
ZANZIBAR,UNGUJA,WEST,MWANAKWEREKWE 'D',SK/MS/22,,KIEMBESAMAKI,E,-6.18066,39.22213,U,,,,,Zantel,,,WEST,
ZANZIBAR,UNGUJA,WEST,MWANAKWEREKWE 'E',SK/MS/23,,KIEMBESAMAKI,E,-6.17875,39.22266,U,,,,,Zantel,,,WEST,
ZANZIBAR,PEMBA,CHAKE CHAKE,CHANJAMJAWIRI,SK/MS/116,,MICHAKAINI,E,-5.29921,39.76083,U,,,,,Zantel,,,SOUTH,
ZANZIBAR,PEMBA,WETE,UWANDANI,SK/MS/30,,MICHAKAINI,E,-5.19891,39.82372,U,,,,,Zantel,,,SOUTH,
ZANZIBAR,PEMBA,CHAKE CHAKE,KILINDI,SK/MS/150,,MICHAKAINI,E,-5.26987,39.71228,U,,,,,Zantel,,,SOUTH,
ZANZIBAR,PEMBA,CHAKE CHAKE,MICHAKAINI 'A' BASIC,SK/MS/29,,MICHAKAINI,E,-5.24054,39.77227,U,,,,,Zantel,,,SOUTH,
ZANZIBAR,PEMBA,CHAKE CHAKE,VITONGOJI,SK/MS/138,,MICHAKAINI,E,-5.23065,39.82508,U,,,,,Zantel,,,SOUTH,
ZANZIBAR,PEMBA,CHAKE CHAKE,WAWI,SK/MS/114,,MICHAKAINI,E,-5.25618,39.79104,U,,,,,Zantel,,,SOUTH,
ZANZIBAR,PEMBA,WETE,OLE,SK/MS/216,,MICHAKAINI,E,-5.18515,39.81114,U,,,,,Zantel,,,SOUTH,
ZANZIBAR,PEMBA,CHAKE CHAKE,WESHA,SK/MSK/100,,MICHAKAINI,E,-5.22613,39.73211,U,,,,,Zantel,,,SOUTH,
ZANZIBAR,PEMBA,WETE,KANGAGANI,SK/MS/182,,MICHAKAINI,E,-5.16542,39.82595,U,,,,,Zantel,,,SOUTH,
ZANZIBAR,PEMBA,CHAKE CHAKE,MATALE,SK/MS/209,,MICHAKAINI,B,-5.30378,39.77775,G,3G,,,,Kicheko Survey,Rahma Saidi,0773-228022,SOUTH,
ZANZIBAR,PEMBA,CHAKE CHAKE,ZIWANI,SK/MSK/22,,MICHAKAINI,M,-5.18092,39.81082,S,,,,,Kicheko Survey,Salma Ally Muhidini,,SOUTH,
ZANZIBAR,PEMBA,CHAKE CHAKE,FURAHA,SK/MS/223,,MICHAKAINI,E,-5.26215,39.81974,U,,,,,Zantel,,,SOUTH,
ZANZIBAR,PEMBA,CHAKE CHAKE,SHUNGI,SK/MS/112,,MICHAKAINI,E,-5.27039,39.73772,U,,,,,Zantel,,,SOUTH,
ZANZIBAR,PEMBA,CHAKE CHAKE,PEMBENI,SK/MS/166,,MICHAKAINI,E,-5.18849,39.74717,U,,,,,Zantel,,,SOUTH,
ZANZIBAR,PEMBA,CHAKE CHAKE,DODO,SK/MS/225,,MICHAKAINI,E,-5.30500,39.78996,U,,,,,Zantel,,,SOUTH,
ZANZIBAR,PEMBA,CHAKE CHAKE,NDAGONI,SK/MSS/11,,MICHAKAINI,E,-5.21032,39.69272,U,,,,,Zantel,,,SOUTH,
ZANZIBAR,PEMBA,CHAKE CHAKE,MICHAKAINI 'B' PRIMARY,SK/MS/233,,MICHAKAINI,B,-5.24068,39.77207,G,,,,,Kicheko Survey,Mkubwa Seif,0777-362393,SOUTH,
ZANZIBAR,PEMBA,CHAKE CHAKE,MBUZINI,SK/MS/86,,MICHAKAINI,B,-5.18307,39.79038,G,,,,,Kicheko Survey,Nassor Saud,0777-483263,SOUTH,
ZANZIBAR,PEMBA,CHAKE CHAKE,VKUNGUNI,SK/MSK/103,,MICHAKAINI,E,-5.21420,39.79422,U,,,,,Zantel,,,SOUTH,
ZANZIBAR,PEMBA,CHAKE CHAKE,MADUNGU 'B',SK/MS/234,,MICHAKAINI,E,-5.24847,39.77224,U,,,,,Zantel,,,SOUTH,
ZANZIBAR,PEMBA,CHAKE CHAKE,AL-SWADIQ,SK/MS/115,,MICHAKAINI,E,-5.26183,39.00770,U,,,,,Zantel,,,SOUTH,
ZANZIBAR,PEMBA,CHAKE CHAKE,MADUNGU 'A',SK/MS/31,,MICHAKAINI,E,-5.24847,39.77224,U,,,,,Zantel,,,SOUTH,
ZANZIBAR,PEMBA,CHAKE CHAKE,PONDEANI,SK/MSK/87,,MICHAKAINI,E,-5.22567,39.76192,U,,,,,Zantel,,,SOUTH,
ZANZIBAR,PEMBA,CHAKE CHAKE,NG'AMBWA,SK/MS/222,,MICHAKAINI,E,-5.21530,39.78324,U,,,,,Zantel,,,SOUTH,
ZANZIBAR,PEMBA,CHAKE CHAKE,KWALE,SK/MS/28,,MICHAKAINI,E,-5.21196,39.76940,U,,,,,Zantel,,,SOUTH,
ZANZIBAR,PEMBA,CHAKE CHAKE,BIRIKAU,SK/MS/134,,MICHAKAINI,E,-5.21208,39.74976,U,,,,,Zantel,,,SOUTH,
ZANZIBAR,PEMBA,CHAKE CHAKE,PUJINI,SK/MS/175,,MICHAKAINI,E,-5.29511,39.80180,U,,,,,Zantel,,,SOUTH,
ZANZIBAR,PEMBA,WETE,MJINI KIUYU,SK/MSK/16,,MITIULAYA,B,-5.13983,39.81608,S,P2P,,,,Kicheko Survey,Saidi Hamadi,0773-906879,NORTH,
ZANZIBAR,PEMBA,WETE,MINUNGWINI ,SK/MSK/40,,MITIULAYA,E,-5.15883,39.80718,U,,,,,Zantel,,,NORTH,
ZANZIBAR,PEMBA,WETE,MCHANGAMDOGO ,SK/MS/121,,MITIULAYA,E,-5.12484,39.80951,U,,,,,Zantel,,,NORTH,
ZANZIBAR,PEMBA,WETE,JOJO,SK/MS/124,,MITIULAYA,E,-5.12742,39.79470,U,,,,,Zantel,,,NORTH,
ZANZIBAR,PEMBA,WETE,CHWALE ,SK/MSK/97,,MITIULAYA,E,-5.98880,39.81736,U,,,,,Zantel,,,NORTH,
ZANZIBAR,PEMBA,WETE,KOJANI,SK/MSK/88,,MITIULAYA,E,-5.09933,39.83767,U,,,,,Zantel,,,NORTH,
ZANZIBAR,PEMBA,WETE,SHENGEJUU,SK/MSK/43,,MITIULAYA,E,-5.06684,39.80995,U,,,,,Zantel,,,NORTH,
ZANZIBAR,PEMBA,WETE,PIKI,SK/MSK/42,,MITIULAYA,E,-5.12492,39.76922,U,,,,,Zantel,,,NORTH,
ZANZIBAR,PEMBA,WETE,BWAGAMOYO,SK/MS/79,,MITIULAYA,E,-5.10964,39.74808,U,,,,,Zantel,,,NORTH,
ZANZIBAR,PEMBA,WETE,MAKONGENI,SK/MS/60,,MITIULAYA,E,-5.13797,39.71341,U,,,,,Zantel,,,NORTH,
ZANZIBAR,PEMBA,WETE,UONDWE ,SK/MSK/44,,MITIULAYA,E,-5.08951,39.71489,U,,,,,Zantel,,,NORTH,
ZANZIBAR,PEMBA,WETE,DAYA,SK/MS/221,,MITIULAYA,M,-5.11128,39.72075,G,,,,,Kicheko Survey,Salma Hamani Mchano,0773-768427,NORTH,
ZANZIBAR,PEMBA,WETE,FUNDO,SK/MS/41,,MITIULAYA,E,-5.04749,39.65168,U,,,,,Zantel,,,NORTH,
ZANZIBAR,PEMBA,WETE,UVINJE,SK/MS/226,,MITIULAYA,M,-5.10685,39.63400,S,,,,,Kicheko Survey,Azan Salum,0773-158331,NORTH,
ZANZIBAR,PEMBA,WETE,MZAMBARAUNI,SK/MS/113,,MITIULAYA,E,-5.09685,39.77645,U,,,,,Zantel,,,NORTH,
ZANZIBAR,PEMBA,WETE,MITIULAYA ,SK/MS/40,,MITIULAYA,E,-5.05871,39.71933,U,,,,,Zantel,,,NORTH,
ZANZIBAR,PEMBA,WETE,JADIDA,SK/MS/39,,MITIULAYA,B,-5.06002,39.73075,G,CDMA,,,,Kicheko Survey,Ramla Saleh,0773-069088,NORTH,
ZANZIBAR,PEMBA,WETE,LIMBANI ,SK/MSK/91,,MITIULAYA,E,-5.06960,39.74224,U,,,,,Zantel,,,NORTH,
ZANZIBAR,PEMBA,WETE,KIZIMBANI ,SK/MS/203,,MITIULAYA,E,-5.05542,39.73459,U,,,,,Zantel,,,NORTH,
ZANZIBAR,PEMBA,WETE,MABATINI,SK/MSK/128,,MITIULAYA,M,-4.99205,39.69595,G,,,,,Kicheko Survey,Juma Wadi Juma,0777-499855,NORTH,
ZANZIBAR,PEMBA,WETE,MKOTE,SK/MS/227,,MITIULAYA,E,-5.02481,39.71222,U,,,,,Zantel,,,NORTH,
ZANZIBAR,PEMBA,WETE,GANDO ,SK/MS/181,,MITIULAYA,E,-5.00240,39.70765,U,,,,,Zantel,,,NORTH,
ZANZIBAR,PEMBA,WETE,UKUNJWI,SK/MSK/45,,MITIULAYA,E,-5.03880,39.68779,U,,,,,Zantel,,,NORTH,
ZANZIBAR,PEMBA,WETE,BOPWE,SK/MS/129,,MITIULAYA,E,-5.05023,39.72414,U,,,,,Zantel,,,NORTH,
ZANZIBAR,PEMBA,MICHEWENI,KINYASINI ,SK/MSS/06,,MITIULAYA,E,-5.02139,39.74181,U,,,,,Zantel,,,NORTH,
ZANZIBAR,PEMBA,WETE,KISIWANI,SK/MS/178,,MITIULAYA,E,-5.15592,39.76351,U,,,,,Zantel,,,NORTH,
ZANZIBAR,PEMBA,WETE,PANDANI ,SK/MS/120,,MITIULAYA,E,-5.05709,39.77643,U,,,,,Zantel,,,NORTH,
ZANZIBAR,PEMBA,MICHEWENI,MGOGONI BASIC SCHOOL,SK/MS/58,,MITIULAYA,E,-4.99198,39.73611,U,,,,,Zantel,,,NORTH,
ZANZIBAR,PEMBA,MICHEWENI,SHUMBA VYAMBONI,SK/MSK/13,,WINGWI,E,-5.00320,39.77200,U,,,,,Zantel,,,NORTH,
ZANZIBAR,PEMBA,MICHEWENI,KIUYU,SK/MSK/16,,WINGWI,E,-4.96412,39.85572,U,,,,,Zantel,,,NORTH,
ZANZIBAR,PEMBA,MICHEWENI,MTEMANI,SK/MS/200,,WINGWI,E,-5.02913,39.81857,U,,,,,Zantel,,,NORTH,
ZANZIBAR,PEMBA,MICHEWENI,KINOWE,SK/MSK/99,,WINGWI,E,-4.95807,39.76434,U,,,,,Zantel,,,NORTH,
ZANZIBAR,PEMBA,MICHEWENI,KONDE 'B',SK/MS/189,,WINGWI,E,-4.94169,39.74503,U,,,,,Zantel,,,NORTH,
ZANZIBAR,PEMBA,MICHEWENI,KIPANGANI,SK/MS/199,,WINGWI,E,-4.96619,39.71550,U,,,,,Zantel,,,NORTH,
ZANZIBAR,PEMBA,MICHEWENI,KARUME,SK/MS/191,,WINGWI,E,-4.97330,39.82861,U,,,,,Zantel,,,NORTH,
ZANZIBAR,PEMBA,MICHEWENI,SIZINI,SK/MS/59,,WINGWI,E,-4.99024,39.80824,U,,,,,Zantel,,,NORTH,
ZANZIBAR,PEMBA,MICHEWENI,HAROUN,SK/MS/197,,WINGWI,M,-4.92552,39.74428,S,,,,,Kicheko Survey,Saidi Ally Zaro,0773-233596,NORTH,
ZANZIBAR,PEMBA,MICHEWENI,MSUKA,SK/MS/25,,WINGWI,E,-4.92015,39.73491,U,,,,,Zantel,,,NORTH,
ZANZIBAR,PEMBA,MICHEWENI,MICHEWENI,SK/MSK/18,,WINGWI,E,-4.98283,39.83175,U,,,,,Zantel,,,NORTH,
ZANZIBAR,PEMBA,MICHEWENI,KONDE 'A',SK/MS/142,,WINGWI,E,-4.94170,39.74525,U,,,,,Zantel,,,NORTH,
ZANZIBAR,PEMBA,MICHEWENI,TUMBE,SK/MS/136,,WINGWI,E,-4.96360,39.79399,U,,,,,Zantel,,,NORTH,
ZANZIBAR,PEMBA,MICHEWENI,MAKANGALE,SM/MSK/15,,WINGWI,E,-4.92081,39.68888,U,,,,,Zantel,,,NORTH,
ZANZIBAR,PEMBA,MICHEWENI,WINGWI 'B',SK/MS/195,,WINGWI,E,-5.02597,39.81103,U,,,,,Zantel,,,NORTH,
ZANZIBAR,PEMBA,MICHEWENI,WINGWI 'A',SK/MSK/17,,WINGWI,E,-5.02597,39.81107,U,,,,,Zantel,,,NORTH,
ZANZIBAR,PEMBA,MICHEWENI,SIMAI,SK/MS/224,,WINGWI,E,,,U,,,,,,,,NORTH,
ZANZIBAR,PEMBA,WETE,FINYA,SK/MS/81,,WINGWI,B,-5.03420,39.76717,G,CDMA,,,,Kicheko Survey,Fakih Hamis,0773-164079,NORTH,
ZANZIBAR,PEMBA,MICHEWENI,MKIANG'OMBE,SK/MS/201,,WINGWI,E,-4.95515,39.68983,U,,,,,Zantel,,,NORTH,
ZANZIBAR,PEMBA,MKOANI,KUNGUNI,SK/MS/179,,MIZINGANI,E,-5.29966,39.67422,U,,,,,Zantel,,,SOUTH,
ZANZIBAR,PEMBA,MKOANI,NG'OMBENI ' A',SK/MS/215,,MIZINGANI,E,-5.36322,39.64760,U,,,,,Zantel,,,SOUTH,
ZANZIBAR,PEMBA,MKOANI,NG'OMBENI 'B',SK/MS/183,,MIZINGANI,M,-5.36540,39.64703,G,,,,,Kicheko Survey,Bimkubwa Mbaruku Salim,0777-477981,SOUTH,
ZANZIBAR,PEMBA,MKOANI,CHOKOCHO,SK/MS/131,,MIZINGANI,B,-5.42375,39.65508,G,3G,,,,Kicheko Survey,Idrisa Ame,0772-524350,SOUTH,
ZANZIBAR,PEMBA,MKOANI,KENGEJA,SK/MS/130,,MIZINGANI,E,-5.41557,39.72810,U,,,,,Zantel,,,SOUTH,
ZANZIBAR,PEMBA,MKOANI,MAKOMBENI,SK/MSK/30,,MIZINGANI,E,-5.34238,39.65891,U,,,,,Zantel,,,SOUTH,
ZANZIBAR,PEMBA,MKOANI,MTUHALIWA,SK/MS/213,,MIZINGANI,E,-5.37703,39.67713,U,,,,,Zantel,,,SOUTH,
ZANZIBAR,PEMBA,MKOANI,CHWAKA,SK/MSK/117,,MIZINGANI,E,-5.38611,39.76489,U,,,,,Zantel,,,SOUTH,
ZANZIBAR,PEMBA,MKOANI,MIZINGANI,SK/MSK/29,,MIZINGANI,E,-5.35553,39.71999,U,,,,,Zantel,,,SOUTH,
ZANZIBAR,PEMBA,MKOANI,KANGANI,SK/MS/132,,MIZINGANI,E,-5.41994,39.69012,U,,,,,Zantel,,,SOUTH,
ZANZIBAR,PEMBA,MKOANI,MJIMBINI,SK/MS/211,,MIZINGANI,E,-5.40118,39.69049,U,,,,,Zantel,,,SOUTH,
ZANZIBAR,PEMBA,MKOANI,MTANGANI,SK/MS/220,,MIZINGANI,E,-5.37370,39.78202,U,,,,,Zantel,,,SOUTH,
ZANZIBAR,PEMBA,MKOANI,KIWANI,SK/MS/117,,MIZINGANI,E,-5.38414,39.74307,U,,,,,Zantel,,,SOUTH,
ZANZIBAR,PEMBA,MKOANI,TASINI,SK/MS/165,,MIZINGANI,E,-5.39240,39.75536,U,,,,,Zantel,,,SOUTH,
ZANZIBAR,PEMBA,MKOANI,KISIWA PAZA,SK/MSK/28,,MIZINGANI,E,-5.45892,39.64733,U,,,,,Zantel,,,SOUTH,
ZANZIBAR,PEMBA,MKOANI,MWAMBE,SK/MSK/35,,MIZINGANI,E,-5.41408,39.74611,U,,,,,Zantel,,,SOUTH,
ZANZIBAR,PEMBA,MKOANI,MTAMBILE,SK/MSK/37,,MIZINGANI,E,-5.38007,39.69742,U,,,,,Zantel,,,SOUTH,
ZANZIBAR,PEMBA,MKOANI,MKANYANGENI,SK/MSK/33,,MIZINGANI,M,-5.40648,39.65745,G,,,,,Kicheko Survey,Ramadhani Ngwali Makame,0777-861519,SOUTH,
ZANZIBAR,PEMBA,MKOANI,MAKOONGWE,SK/MS/33,,MIZINGANI,E,-5.38212,39.02395,U,,,,,Zantel,,,SOUTH,
ZANZIBAR,PEMBA,MKOANI,TIRONI,SK/MS/90,,MIZINGANI,M,-5.34567,39.66903,G,,,,,Kicheko Survey,Saidi Ayubu Hamisi,0777-845037,SOUTH,
ZANZIBAR,PEMBA,MKOANI,CHAMBANI,SK/MSK/27,,MIZINGANI,B,-5.33393,39.77222,G,,,,,Kicheko Survey,Salum Othman,0772-653215,SOUTH,
ZANZIBAR,PEMBA,MKOANI,SHAMIANI - MWAMBE,SK/MS/12,,MIZINGANI,E,-5.43651,39.73611,U,,,,,Zantel,,,SOUTH,
ZANZIBAR,PEMBA,MKOANI,UKUTINI,SK/MS/135,,MIZINGANI,E,-5.34756,39.76579,U,,,,,Zantel,,,SOUTH,
ZANZIBAR,PEMBA,MKOANI,MICHENZANI,SK/MS/35,,MIZINGANI,E,-5.40167,39.64213,U,,,,,Zantel,,,SOUTH,
ZANZIBAR,PEMBA,MKOANI,WAMBAA,SK/MSK/31,,MIZINGANI,E,-5.30742,39.68546,U,,,,,Zantel,,,SOUTH,
ZANZIBAR,PEMBA,MKOANI,NGWACHANI,SK/MSK/32,,MIZINGANI,E,-5.32271,39.74113,U,,,,,Zantel,,,SOUTH,
MTWARA,MTWARA,NEWALA,BUTIAMA,MT.04/093,,LUCHINGU,E,,,S,,,,,UhuruOne,,,,
MTWARA,MTWARA,NEWALA,CHITANDI,MT.04/008,,LUCHINGU,E,,,S,,,,,UhuruOne,,,,
MTWARA,MTWARA,NEWALA,JULIA,MT.04/091,,LUCHINGU,E,,,S,,,,,UhuruOne,,,,
MTWARA,MTWARA,NEWALA,KARUME,MT.04/014,,LUCHINGU,E,,,G,,,,,UhuruOne,,,,
MTWARA,MTWARA,NEWALA,KIDUNI,MT.04/015,,LUCHINGU,E,,,S,,,,,UhuruOne,,,,
MTWARA,MTWARA,NEWALA,LIKUNA,MT.04/024,,LUCHINGU,E,,,S,,,,,UhuruOne,,,,
MTWARA,MTWARA,NEWALA,KILIDU,MT.04/017,,LUCHINGU,E,-10.84386111,39.73236111,S,,,,,UhuruOne,Ms. Mwajuma Mnumula,782198594,,
MTWARA,MTWARA,NEWALA,LUCHINGU,MT.04/025,,LUCHINGU,E,,,S,,,,,UhuruOne,,,,
MTWARA,MTWARA,NEWALA,MAGOMBO,MT.04/026,,LUCHINGU,E,,,S,,,,,UhuruOne,,,,
MTWARA,MTWARA,NEWALA,MAKONGA,MT.04/031,,LUCHINGU,E,,,S,,,,,UhuruOne,,,,
MTWARA,MTWARA,NEWALA,MKOMA       I,MT.04/046,,LUCHINGU,E,,,S,,,,,UhuruOne,,,,
MTWARA,MTWARA,NEWALA,MNAIDA     I,MT.04/051,,LUCHINGU,E,,,S,,,,,UhuruOne,,,,
MTWARA,MTWARA,NEWALA,MTANGALANGA,MT.04/067,,LUCHINGU,E,,,S,,,,,UhuruOne,,,,
MTWARA,MTWARA,NEWALA,MWONGOZO,MT.04/069,,LUCHINGU,E,,,S,,,,,UhuruOne,,,,
MTWARA,MTWARA,NEWALA,NAMBUNGA,MT.04/074,,LUCHINGU,E,,,S,,,,,UhuruOne,,,,
MTWARA,MTWARA,NEWALA,MANDUMBA,MT.04/041,,LUCHINGU,M,-10 52.360',39 19.305',S,,,,,Kicheko Survey,Juma Naweka,0784-536928,,
MTWARA,MTWARA,NEWALA,NANYONDA,MT.04/083,,LUCHINGU,E,,,S,,,,,UhuruOne,,,,
MTWARA,MTWARA,NEWALA,NAMIYONGA   B,MT.04/078,,LUCHINGU,E,,,S,,,,,UhuruOne,,,,
MTWARA,MTWARA,NEWALA,NEWALA,MT.04/084,,LUCHINGU,E,,,G,,,,,UhuruOne,,,,
MTWARA,MTWARA,NEWALA,TWENDEPAMOJA,MT.04/087,,LUCHINGU,E,,,S,,,,,UhuruOne,,,,
MTWARA,MTWARA,NEWALA,NAMIYONGA     A,MT.04/077,,LUCHINGU,E,,,S,,,,,UhuruOne,,,,
MTWARA,MTWARA,NEWALA,NACHITULO,MT.04/071,,LUCHINGU,E,,,,,,,,UhuruOne,,,,
MTWARA,MTWARA,NEWALA,CHIHANGA,MT.02/108,,KIUTA,E,,,S,,,,,UhuruOne,,,,
MTWARA,MTWARA,NEWALA,CHIHWINDI,MT.02/090,,KIUTA,E,,,S,,,,,UhuruOne,,,,
MTWARA,MTWARA,NEWALA,CHIKWAYA,MT.02/064,,KIUTA,E,,,S,,,,,UhuruOne,,,,
MTWARA,MTWARA,NEWALA,CHIPITU,MT.04/095,,KIUTA,E,,,S,,,,,UhuruOne,,,,
MTWARA,MTWARA,NEWALA,KIKUYU,MT.04/016,,KIUTA,E,,,S,,,,,UhuruOne,,,,
MTWARA,MTWARA,NEWALA,KIPIMI,MT.04/020,,KIUTA,E,,,S,,,,,UhuruOne,,,,
MTWARA,MTWARA,NEWALA,KIUTA,MT.04/021,,KIUTA,E,,,S,,,,,UhuruOne,,,,
MTWARA,MTWARA,NEWALA,LIDUMBE,MT.04/097,,KIUTA,E,,,S,,,,,UhuruOne,,,,
MTWARA,MTWARA,NEWALA,MAGUMCHILA,MT.04/027,,KIUTA,E,,,G,,,,,UhuruOne,,,,
MTWARA,MTWARA,NEWALA,MAHUMBIKA,MT.04/028,,KIUTA,E,,,S,,,,,UhuruOne,,,,
MTWARA,MTWARA,NEWALA,MAKONDEKO,MT.04/030,,KIUTA,E,,,S,,,,,UhuruOne,,,,
MTWARA,MTWARA,NEWALA,MAKOTE,MT.04/032,,KIUTA,E,,,S,,,,,UhuruOne,,,,
MTWARA,MTWARA,NEWALA,MAPILI,MT.04/094,,KIUTA,E,,,S,,,,,UhuruOne,,,,
MTWARA,MTWARA,NEWALA,MCHOLI II,MT.04/101,,KIUTA,E,,,S,,,,,UhuruOne,,,,
MTWARA,MTWARA,NEWALA,MCHOLI-GODWIN,MT.04/038,,KIUTA,E,,,S,,,,,UhuruOne,,,,
MTWARA,MTWARA,NEWALA,MKUNYA,MT.04/049,,KIUTA,E,,,S,,,,,UhuruOne,,,,
MTWARA,MTWARA,NEWALA,MNALALE,MT.04/052,,KIUTA,E,,,S,,,,,UhuruOne,,,,
MTWARA,MTWARA,NEWALA,MNANJE,MT.04/053,,KIUTA,E,,,S,,,,,UhuruOne,,,,
MTWARA,MTWARA,NEWALA,MPILIPILI,MT.04/063,,KIUTA,E,,,S,,,,,UhuruOne,,,,
MTWARA,MTWARA,NEWALA,NANGURUWE,MT.04/081,,KIUTA,E,,,S,,,,,UhuruOne,,,,
MTWARA,MTWARA,NEWALA,NANGWANDA,MT.04/082,,KIUTA,E,,,S,,,,,UhuruOne,,,,
MTWARA,MTWARA,NEWALA,SAMORA,MT.04/085,,KIUTA,E,,,S,,,,,UhuruOne,,,,
MTWARA,MTWARA,NEWALA,TAWALA,MT.04/108,,KIUTA,E,,,S,,,,,UhuruOne,,,,
MTWARA,MTWARA,NEWALA,BAHATI,MT.04/001,,MIKUMBI,E,,,S,,,,,UhuruOne,,,,
MTWARA,MTWARA,NEWALA,CHIHANGU,MT.04/003,,MIKUMBI,E,,,S,,,,,UhuruOne,,,,
MTWARA,MTWARA,NEWALA,CHILANGALA,MT.04/007,,MIKUMBI,E,,,S,,,,,UhuruOne,,,,
MTWARA,MTWARA,NEWALA,CHILENDE,MT.04/118,,MIKUMBI,B,-10 27.108',39 19.220',S,,,,,Kicheko Survey,Rashidi Selemani,0657-888555,,
MTWARA,MTWARA,NEWALA,HENGAPANO,MT.04/012,,MIKUMBI,M,-10 43.209',39 08.073,S,,,,,Kicheko Survey,Yusufu Issa,0787-928618,,
MTWARA,MTWARA,NEWALA,LIHANGA,MT.04/023,,MIKUMBI,E,,,S,,,,,UhuruOne,,,,
MTWARA,MTWARA,NEWALA,MAHOHA,MT.04/090,,MIKUMBI,E,,,S,,,,,UhuruOne,,,,
MTWARA,MTWARA,NEWALA,MAJEMBE JUU,MT.04/029,,MIKUMBI,E,,,S,,,,,UhuruOne,,,,
MTWARA,MTWARA,NEWALA,MBONDE,MT.04/035,,MIKUMBI,E,,,S,,,,,UhuruOne,,,,
MTWARA,MTWARA,NEWALA,META,MT.04/040,,MIKUMBI,M,-10 35.835',39 15.510,S,,,,,Kicheko Survey,Hamisi Majeje,0784-896528,,
MTWARA,MTWARA,NEWALA,MIKUMBI,MT.04/042,,MIKUMBI,B,-10 33.922',39 10.458',S,,,,,Kicheko Survey,Aziza Chiwala,0784-137297,,
MTWARA,MTWARA,NEWALA,MIYUYU,MT.04/115,,MIKUMBI,E,,,S,,,,,UhuruOne,,,,
MTWARA,MTWARA,NEWALA,MKALENDA,MT.04/055,,MIKUMBI,E,,,S,,,,,UhuruOne,,,,
MTWARA,MTWARA,NEWALA,MKOMA     II,MT.04/047,,MIKUMBI,E,,,S,,,,,UhuruOne,,,,
MTWARA,MTWARA,NEWALA,MKOMA SOKONI,MT.04/089,,MIKUMBI,E,,,S,,,,,UhuruOne,,,,
MTWARA,MTWARA,NEWALA,MKONGI,MT.04/048,,MIKUMBI,E,,,S,,,,,UhuruOne,,,,
MTWARA,MTWARA,NEWALA,MNAYOPE,MT.04/054,,MIKUMBI,E,,,S,,,,,UhuruOne,,,,
MTWARA,MTWARA,NEWALA,MNYAMBE,MT.04/058,,MIKUMBI,E,,,S,,,,,UhuruOne,,,,
MTWARA,MTWARA,NEWALA,NAMDIMBA,MT.04/075,,MIKUMBI,E,,,S,,,,,UhuruOne,,,,
MTWARA,MTWARA,NEWALA,NAMANGUDU,MT.04/114,,MIKUMBI,E,,,S,,,,,UhuruOne,,,,
MTWARA,MTWARA,NEWALA,NAMBALI,MT.04/073,,MIKUMBI,E,,,S,,,,,UhuruOne,,,,
MTWARA,MTWARA,NEWALA,NAMIHONGA,MT.04/076,,MIKUMBI,M,-10 21.828',39 19.087',S,,,,,Kicheko Survey,Abdu Munyuku,0684-967528,,
MTWARA,MTWARA,NEWALA,CHIKUNDA-LUBIDO,MT.04/110,,KITANGARI,E,,,S,,,,,UhuruOne,,,,
MTWARA,MTWARA,NEWALA,CHIWONGA,MT.04/011,,KITANGARI,E,,,S,,,,,UhuruOne,,,,
MTWARA,MTWARA,NEWALA,KADENGWA,MT.04/013,,KITANGARI,E,,,S,,,,,UhuruOne,,,,
MTWARA,MTWARA,NEWALA,KITANGALI     B,MT.04/018,,KITANGARI,E,,,G,,,,,UhuruOne,,,,
MTWARA,MTWARA,NEWALA,KITANGALI-MAZOEZI,MT.04/019,,KITANGARI,E,,,G,,,,,UhuruOne,,,,
MTWARA,MTWARA,NEWALA,MADABA,MT.04/119,,KITANGARI,E,,,S,,,,,UhuruOne,,,,
MTWARA,MTWARA,NEWALA,MBEMBELE,MT.04/034,,KITANGARI,E,,,S,,,,,UhuruOne,,,,
MTWARA,MTWARA,NEWALA,MBEYA,MT.04/117,,KITANGARI,E,,,S,,,,,UhuruOne,,,,
MTWARA,MTWARA,NEWALA,MITANGA,MT.04/045,,KITANGARI,E,,,S,,,,,UhuruOne,,,,
MTWARA,MTWARA,NEWALA,MNALI,MT.04/061,,KITANGARI,E,,,S,,,,,UhuruOne,,,,
MTWARA,MTWARA,NEWALA,MNAUYA,MT.04/113,,KITANGARI,E,,,S,,,,,UhuruOne,,,,
MTWARA,MTWARA,NEWALA,MNING'ALIYE,MT.04/056,,KITANGARI,E,,,S,,,,,UhuruOne,,,,
MTWARA,MTWARA,NEWALA,MMULUNGA,MT.04/050,,KITANGARI,B,-10 34.800',39 22.092',S,,,,,Kicheko Survey,Alcado Mpakasi,0788-143585,,
MTWARA,MTWARA,NEWALA,MNYEU,MT.04/060,,KITANGARI,E,,,S,,,,,UhuruOne,,,,
MTWARA,MTWARA,NEWALA,MPOTOLA,MT.04/064,,KITANGARI,E,,,S,,,,,UhuruOne,,,,
MTWARA,MTWARA,NEWALA,MTONGWELE,MT.04/070,,KITANGARI,E,,,S,,,,,UhuruOne,,,,
MTWARA,MTWARA,NEWALA,MTOPWA,MT.04/068,,KITANGARI,E,,,S,,,,,UhuruOne,,,,
MTWARA,MTWARA,NEWALA,MUUNGANO,MT.04/112,,KITANGARI,E,,,S,,,,,UhuruOne,,,,
MTWARA,MTWARA,NEWALA,NANDA,MT.04/079,,KITANGARI,E,,,S,,,,,UhuruOne,,,,
MTWARA,MTWARA,NEWALA,NANDWAHI,MT.04/080,,KITANGARI,E,,,S,,,,,UhuruOne,,,,
MTWARA,MTWARA,NEWALA,SIJAONA,MT.04/086,,KITANGARI,M,-10 42.049',39 23.416',S,,,,,Kicheko Survey,Mohamedi Mkane,0717-317212,,
MTWARA,MTWARA,NEWALA,VIHOKOLI,MT.04/088,,KITANGARI,E,,,S,,,,,UhuruOne,,,,
MTWARA,MTWARA,NEWALA,CHIKOI,MT.04/005,,LENGO,E,,,S,,,,,UhuruOne,,,,
MTWARA,MTWARA,NEWALA,CHITENDA,MT.04/010,,LENGO,E,,,S,,,,,UhuruOne,,,,
MTWARA,MTWARA,NEWALA,CHITEKETE,MT.04/009,,LENGO,E,,,S,,,,,UhuruOne,,,,
MTWARA,MTWARA,NEWALA,CHIULE,MT.04/111,,LENGO,E,,,S,,,,,UhuruOne,,,,
MTWARA,MTWARA,NEWALA,CHIUTA,MT.04/096,,LENGO,E,,,S,,,,,UhuruOne,,,,
MTWARA,MTWARA,NEWALA,LENGO,MT.04/022,,LENGO,E,,,G,,,,,UhuruOne,,,,
MTWARA,MTWARA,NEWALA,MAKUKWE    I,MT.04/098,,LENGO,B,-10 46.635',39 23.721',S,,,,,Kicheko Survey,Amiri Salum,0788-919320,,
MTWARA,MTWARA,NEWALA,MAKUKWE    II,MT.04/099,,LENGO,E,,,S,,,,,UhuruOne,,,,
MTWARA,MTWARA,NEWALA,MALATU,MT.04/033,,LENGO,E,,,S,,,,,UhuruOne,,,,
MTWARA,MTWARA,NEWALA,MBUYUNI,MT.04/100,,LENGO,E,,,S,,,,,UhuruOne,,,,
MTWARA,MTWARA,NEWALA,MCHEDEBWA,MT.04/036,,LENGO,E,,,S,,,,,UhuruOne,,,,
MTWARA,MTWARA,NEWALA,MCHEMO,MT.04/037,,LENGO,E,,,S,,,,,UhuruOne,,,,
MTWARA,MTWARA,NEWALA,MDIMBA,MT.04/039,,LENGO,B,-10 46.475',39 17.735',S,,,,,Kicheko Survey,Zuhura Namkoko,0682-362838,,
MTWARA,MTWARA,NEWALA,NGONGO,MT.04/107,,LENGO,E,,,S,,,,,UhuruOne,,,,
MTWARA,MTWARA,NEWALA,MINJALE,MT.04/043,,LENGO,E,,,S,,,,,UhuruOne,,,,
MTWARA,MTWARA,NEWALA,MITAHU,MT.04/044,,LENGO,E,,,S,,,,,UhuruOne,,,,
MTWARA,MTWARA,NEWALA,MKWEDU TANKINI,MT.04/102,,LENGO,E,,,S,,,,,UhuruOne,,,,
MTWARA,MTWARA,NEWALA,MNOLELA,MT.04/057,,LENGO,E,,,S,,,,,UhuruOne,,,,
MTWARA,MTWARA,NEWALA,MNYAMBACHI,MT.04/103,,LENGO,E,,,S,,,,,UhuruOne,,,,
MTWARA,MTWARA,NEWALA,MPALU,MT.04/062,,LENGO,E,,,S,,,,,UhuruOne,,,,
MTWARA,MTWARA,NEWALA,MPWAPWA,MT.04/065,,LENGO,E,,,S,,,,,UhuruOne,,,,
MTWARA,MTWARA,NEWALA,MTANDA,MT.04/066,,LENGO,E,,,S,,,,,UhuruOne,,,,
MTWARA,MTWARA,NEWALA,MTENDACHI,MT.04/104,,LENGO,E,,,S,,,,,UhuruOne,,,,
MTWARA,MTWARA,NEWALA,MTUNGURU,MT.04/105,,LENGO,B,-10 46.105',39 20.715',S,,,,,Kicheko Survey,Ashraka Kazibure,0785-506101,,
MTWARA,MTWARA,NEWALA,MTENGACHI,MT.04/104,,LENGO,E,,,S,,,,,UhuruOne,,,,
MTWARA,MTWARA,NEWALA,NAKAHAKO,MT.04/072,,LENGO,E,,,S,,,,,UhuruOne,,,,
MTWARA,MTWARA,NEWALA,NAMBUDI,MT.04/092,,LENGO,E,,,S,,,,,UhuruOne,,,,
MTWARA,MTWARA,NEWALA,NANKONG'O,MT.04/106,,LENGO,E,,,S,,,,,UhuruOne,,,,
MTWARA,MTWARA,NEWALA,TENGULENGU,MT.04/109,,LENGO,E,,,S,,,,,UhuruOne,,,,
MTWARA,MTWARA,MASASI,CHILIMBA,MT.03/028,,CHIUNGUTWA,E,,,S,,,,,UhuruOne,,,,
MTWARA,MTWARA,MASASI,CHIPEMBE,MT.03/026,,CHIUNGUTWA,E,,,S,,,,,UhuruOne,,,,
MTWARA,MTWARA,MASASI,CHIUNGUTWA,MT.03/014,,CHIUNGUTWA,E,,,S,,,,,UhuruOne,,,,
MTWARA,MTWARA,MASASI,HUWE,MT.03/016,,CHIUNGUTWA,E,,,S,,,,,UhuruOne,,,,
MTWARA,MTWARA,MASASI,LIPUMBURU,MT.03/093,,CHIUNGUTWA,E,,,S,,,,,UhuruOne,,,,
MTWARA,MTWARA,MASASI,LISANJE,MT.03/144,,CHIUNGUTWA,E,,,S,,,,,UhuruOne,,,,
MTWARA,MTWARA,MASASI,LUPASO,MT.03/069,,CHIUNGUTWA,E,,,G,,,,,UhuruOne,,,,
MTWARA,MTWARA,MASASI,MAKANYAMA,MT.03/047,,CHIUNGUTWA,E,,,S,,,,,UhuruOne,,,,
MTWARA,MTWARA,MASASI,MASUBURU MTENGA,MT.03/056,,CHIUNGUTWA,E,,,S,,,,,UhuruOne,,,,
MTWARA,MTWARA,MASASI,MBUYUNI,MT.05/021,,CHIUNGUTWA,E,,,S,,,,,UhuruOne,,,,
MTWARA,MTWARA,MASASI,MDIBWA (NDIBWA),MT.03/023,,CHIUNGUTWA,E,,,S,,,,,UhuruOne,,,,
MTWARA,MTWARA,MASASI,MILUNDA,MT.03/215,,CHIUNGUTWA,E,,,S,,,,,UhuruOne,,,,
MTWARA,MTWARA,MASASI,MITONJI,MT.03/216,,CHIUNGUTWA,E,,,S,,,,,UhuruOne,,,,
MTWARA,MTWARA,MASASI,MIUNDO,TEMP_0010,,CHIUNGUTWA,E,,,S,,,,,UhuruOne,,,,
MTWARA,MTWARA,MASASI,MJAWARA (NJAWARA),MT.03/064,,CHIUNGUTWA,B,-10 59.593',38 50.235',S,,,,,Kicheko Survey,Thobias Mpili,0784-538482,,
MTWARA,MTWARA,MASASI,MPETA,MT.03/020,,CHIUNGUTWA,E,,,S,,,,,UhuruOne,,,,
MTWARA,MTWARA,MASASI,MPULIMA,MT.03/172,,CHIUNGUTWA,E,,,S,,,,,UhuruOne,,,,
MTWARA,MTWARA,MASASI,NAIROMBO,MT.03/038,,CHIUNGUTWA,E,,,S,,,,,UhuruOne,,,,
MTWARA,MTWARA,MASASI,NAKACHURENI,TEMP_0011,,CHIUNGUTWA,E,,,S,,,,,UhuruOne,,,,
MTWARA,MTWARA,MASASI,NANJOTA,MT.03/075,,CHIUNGUTWA,E,,,S,,,,,UhuruOne,,,,
MTWARA,MTWARA,MASASI,NANTONA,MT.03/171,,CHIUNGUTWA,E,,,S,,,,,UhuruOne,,,,
MTWARA,MTWARA,MASASI,NIESI (MIESI),MT.03/112,,CHIUNGUTWA,B,-11 08.011',38 55.115',S,,,,,Kicheko Survey,Alex Nassoro,0782-739737,,
MTWARA,MTWARA,MASASI,TULEANE,MT.03/125,,CHIUNGUTWA,E,,,S,,,,,UhuruOne,,,,
MTWARA,MTWARA,MASASI,UMATI,MT.03/237,,CHIUNGUTWA,E,,,S,,,,,UhuruOne,,,,
MTWARA,MTWARA,MASASI,UTIMBE,MT.03/065,,CHIUNGUTWA,E,,,S,,,,,UhuruOne,,,,
MTWARA,MTWARA,MASASI,CHIKUNDI MSANGA,MT.03/034,,LUAGALA,M,-10 31.802',38 58.300',S,,,,,Kicheko Survey,Bonita Nanguka,0786-010923,,
MTWARA,MTWARA,MASASI,CHIPANGO,MT.03/131,,LUAGALA,E,,,S,,,,,UhuruOne,,,,
MTWARA,MTWARA,MASASI,LUAGALA,MT.03/151,,LUAGALA,B,-10 52.395',39 07.067',S,,,,,Kicheko Survey,Salum Kazumari,0784-831018,,
MTWARA,MTWARA,MASASI,LULINDI (SPECIAL ED),MT.03/179,,LUAGALA,E,,,G,,,,,UhuruOne,,,,
MTWARA,MTWARA,MASASI,LULINDI    I,MT.03/008,,LUAGALA,E,,,S,,,,,UhuruOne,,,,
MTWARA,MTWARA,MASASI,LULINDI      II,MT.03/242,,LUAGALA,E,,,S,,,,,UhuruOne,,,,
MTWARA,MTWARA,MASASI,MAJEMBE,MT.03/009,,LUAGALA,E,,,S,,,,,UhuruOne,,,,
MTWARA,MTWARA,MASASI,MBUGO,MT.03/217,,LUAGALA,M,-10 46.459',39 04.757',S,,,,,Kicheko Survey,Mussa Kazumari,0784-371534,,
MTWARA,MTWARA,MASASI,MDWIKA     I (NDWIKA),MT.03/001,,LUAGALA,E,,,G,,,,,UhuruOne,,,,
MTWARA,MTWARA,MASASI,MITESA,MT.03/224,,LUAGALA,E,,,S,,,,,UhuruOne,,,,
MTWARA,MTWARA,MASASI,MIWALE,MT.03/158,,LUAGALA,E,,,S,,,,,UhuruOne,,,,
MTWARA,MTWARA,MASASI,MKANGAULA,MT.03/182,,LUAGALA,E,,,G,,,,,UhuruOne,,,,
MTWARA,MTWARA,MASASI,MKOLOPOLA,MT.03/115,,LUAGALA,E,,,S,,,,,UhuruOne,,,,
MTWARA,MTWARA,MASASI,MKULULU,MT.03/048,,LUAGALA,E,,,S,,,,,UhuruOne,,,,
MTWARA,MTWARA,MASASI,LUSONJE,MT.03/027,,LUAGALA,E,,,S,,,,,UhuruOne,,,,
MTWARA,MTWARA,MASASI,MTAKUJA     I,MT.03/114,,LUAGALA,E,,,S,,,,,UhuruOne,,,,
MTWARA,MTWARA,MASASI,NAGAGA,MT.03/031,,LUAGALA,E,,,S,,,,,UhuruOne,,,,
MTWARA,MTWARA,MASASI,NAKALOLA,MT.03/059,,LUAGALA,E,,,S,,,,,UhuruOne,,,,
MTWARA,MTWARA,MASASI,NAMALENGA,MT.03/021,,LUAGALA,E,,,S,,,,,UhuruOne,,,,
MTWARA,MTWARA,MASASI,CHIKOROPOLA,MT.03/015,,MWITIKA,E,,,S,,,,,UhuruOne,,,,
MTWARA,MTWARA,MASASI,LUATALA,MT.03/017,,MWITIKA,E,,,S,,,,,UhuruOne,,,,
MTWARA,MTWARA,MASASI,MAKONG'ONDA,MT.03/055,,MWITIKA,E,,,S,,,,,UhuruOne,,,,
MTWARA,MTWARA,MASASI,MANYULI,MT.03/145,,MWITIKA,E,,,S,,,,,UhuruOne,,,,
MTWARA,MTWARA,MASASI,MAPARAWE,MT.03/100,,MWITIKA,E,,,S,,,,,UhuruOne,,,,
MTWARA,MTWARA,MASASI,MAPILI,MT.03/103,,MWITIKA,E,,,S,,,,,UhuruOne,,,,
MTWARA,MTWARA,MASASI,MCHAURU,MT.03/023,,MWITIKA,E,,,S,,,,,UhuruOne,,,,
MTWARA,MTWARA,MASASI,MGWAGULE,MT.03/057,,MWITIKA,E,,,S,,,,,UhuruOne,,,,
MTWARA,MTWARA,MASASI,MIREWE,MT.03/122,,MWITIKA,E,,,S,,,,,UhuruOne,,,,
MTWARA,MTWARA,MASASI,MKACHIMA,MT.03/155,,MWITIKA,E,,,S,,,,,UhuruOne,,,,
MTWARA,MTWARA,MASASI,MNAVIRA,MT.03/019,,MWITIKA,E,,,S,,,,,UhuruOne,,,,
MTWARA,MTWARA,MASASI,MWITIKA,MT.03/258,,MWITIKA,E,,,S,,,,,UhuruOne,,,,
MTWARA,MTWARA,MASASI,NAKARARA,MT.03/121,,MWITIKA,E,,,S,,,,,UhuruOne,,,,
MTWARA,MTWARA,MASASI,NALIONGOLO,MT.03/110,,MWITIKA,E,,,S,,,,,UhuruOne,,,,
MTWARA,MTWARA,MASASI,NAMYOMYO,MT.03/132,,MWITIKA,M,-11 02.594',39 18.092',S,,,,,Kicheko Survey,Abdallah Chipeka,0783-170196,,
MTWARA,MTWARA,MASASI,NG'UNI,MT.03/146,,MWITIKA,E,,,S,,,,,UhuruOne,,,,
MTWARA,MTWARA,MASASI,RIVANGO,MT.03/033,,MWITIKA,E,,,S,,,,,UhuruOne,,,,
MTWARA,MTWARA,MASASI,SINDANO,MT.03/063,,MWITIKA,B,-11 05.554',39 04.786',S,,,,,Kicheko Survey,Keneth Ndunguru,0786-876009,,
MTWARA,MTWARA,MASASI,CHIDYA,MT.03/019,,MWENA,E,,,G,,,,,UhuruOne,,,,
MTWARA,MTWARA,MASASI,CHIGUGU,MT.03/094,,MWENA,E,,,G,,,,,UhuruOne,,,,
MTWARA,MTWARA,MASASI,CHIGUMI,MT.03/169,,MWENA,E,,,S,,,,,UhuruOne,,,,
MTWARA,MTWARA,MASASI,CHIKUNDI,MT.03/077,,MWENA,E,,,G,,,,,UhuruOne,,,,
MTWARA,MTWARA,MASASI,CHIKUKWE,MT.03/141,,MWENA,B,-10 35.611',38 53.987',S,,,,,Kicheko Survey,Fulko Mwihumbo,0784-060800,,
MTWARA,MTWARA,MASASI,CHIWATA,MT.03/005,,MWENA,E,,,S,,,,,UhuruOne,,,,
MTWARA,MTWARA,MASASI,LILOYA,MT.03/046,,MWENA,E,,,S,,,,,UhuruOne,,,,
MTWARA,MTWARA,MASASI,LIPUTU,MT.03/138,,MWENA,E,,,S,,,,,UhuruOne,,,,
MTWARA,MTWARA,MASASI,MANDIWA,MT.03/186,,MWENA,E,,,S,,,,,UhuruOne,,,,
MTWARA,MTWARA,MASASI,MBAJU,MT.03/130,,MWENA,E,,,G,,,,,UhuruOne,,,,
MTWARA,MTWARA,MASASI,MBEMBA,MT.03/002,,MWENA,E,,,S,,,,,UhuruOne,,,,
MTWARA,MTWARA,MASASI,MDENGA,MT.03/204,,MWENA,M,-10Ê28.196',39 04.619',S,,,,,Kicheko Survey,Umbili Ali,0712-875461,,
MTWARA,MTWARA,MASASI,NJENGA,MT.03/209,,MWENA,E,,,,,,,,UhuruOne,,,,
MTWARA,MTWARA,MASASI,MKALAPA,MT.03/095,,MWENA,E,,,S,,,,,UhuruOne,,,,
MTWARA,MTWARA,MASASI,MKANG'U,MT.03/185,,MWENA,E,,,S,,,,,UhuruOne,,,,
MTWARA,MTWARA,MASASI,MKUNGU,MT.03/180,,MWENA,B,-10 22.612',39 15.571',S,,,,,Kicheko Survey,Ajili Mrope,0717-045445,,
MTWARA,MTWARA,MASASI,MKWERA,MT.03/085,,MWENA,E,,,S,,,,,UhuruOne,,,,
MTWARA,MTWARA,MASASI,MPOWORA,MT.03/178,,MWENA,E,,,S,,,,,UhuruOne,,,,
MTWARA,MTWARA,MASASI,MTUNUNGU,MT.03/139,,MWENA,E,,,S,,,,,UhuruOne,,,,
MTWARA,MTWARA,MASASI,MUMBURU,MT.03/140,,MWENA,M,-10 25.928',39 07.305',S,,,,,Kicheko Survey,Yusuf Bingwe,0782-482583,,
MTWARA,MTWARA,MASASI,MWENA,MT.03/156,,MWENA,E,,,S,,,,,UhuruOne,,,,
MTWARA,MTWARA,MASASI,MWONGOZO,MT.03/161,,MWENA,E,,,S,,,,,UhuruOne,,,,
MTWARA,MTWARA,MASASI,NANGANGA,MT.03/078,,MWENA,E,,,S,,,,,UhuruOne,,,,
MTWARA,MTWARA,MASASI,NANGOO,MT.03/082,,MWENA,E,,,S,,,,,UhuruOne,,,,
MTWARA,MTWARA,MASASI,NDANDA,MT.03/079,,MWENA,E,,,G,,,,,UhuruOne,,,,
MTWARA,MTWARA,MASASI,CHAKAMA,TEMP_0012,,MKOMAINDO,E,,,S,,,,,UhuruOne,,,,
MTWARA,MTWARA,MASASI,CHANIKANGUO,MT.03/159,,MKOMAINDO,E,,,G,,,,,UhuruOne,,,,
MTWARA,MTWARA,MASASI,CHIPOLE,MT.03/236,,MKOMAINDO,E,,,S,,,,,UhuruOne,,,,
MTWARA,MTWARA,MASASI,CHISEGU,MT.03/120,,MKOMAINDO,E,,,G,,,,,UhuruOne,,,,
MTWARA,MTWARA,MASASI,KAMBARAGE,MT.03/207,,MKOMAINDO,M,-10 15.600',40 10.000',G,,,,x,Kicheko Survey,Mohamed Namkwacha,0713-787072,,
MTWARA,MTWARA,MASASI,KANYIMBI,MT.03/007,,MKOMAINDO,E,,,G,,,,,UhuruOne,,,,
MTWARA,MTWARA,MASASI,MAENDELEO,MT.03/206,,MKOMAINDO,E,,,G,,,,,UhuruOne,,,,
MTWARA,MTWARA,MASASI,MAKULANI,MT.03/071,,MKOMAINDO,M,-10 48.221',38 40.922',S,,,,,Kicheko Survey,Bonita Nanguka,0786-010923,,
MTWARA,MTWARA,MASASI,MARIKA,MT.03/010,,MKOMAINDO,E,,,S,,,,,UhuruOne,,,,
MTWARA,MTWARA,MASASI,MASASI,MT.03/097,,MKOMAINDO,E,,,G,,,,,UhuruOne,,,,
MTWARA,MTWARA,MASASI,MATAWALE,MT.03/043,,MKOMAINDO,E,,,S,,,,,UhuruOne,,,,
MTWARA,MTWARA,MASASI,MBONDE,MT.03/175,,MKOMAINDO,E,,,G,,,,,UhuruOne,,,,
MTWARA,MTWARA,MASASI,MIGONGO,MT.03/073,,MKOMAINDO,E,,,G,,,,,UhuruOne,,,,
MTWARA,MTWARA,MASASI,MINJALE,MT.03/084,,MKOMAINDO,E,,,S,,,,,UhuruOne,,,,
MTWARA,MTWARA,MASASI,MKAPUNDA,MT.03/167,,MKOMAINDO,E,,,S,,,,,UhuruOne,,,,
MTWARA,MTWARA,MASASI,MKARAKATE,MT.03/180,,MKOMAINDO,E,,,,,,,,UhuruOne,,,,
MTWARA,MTWARA,MASASI,MKARANGO,MT.03/164,,MKOMAINDO,E,,,S,,,,,UhuruOne,,,,
MTWARA,MTWARA,MASASI,MKOMAINDO,MT.03/012,,MKOMAINDO,E,,,,,,,,UhuruOne,,,,
MTWARA,MTWARA,MASASI,MKUTI,MT.03/148,,MKOMAINDO,E,,,G,,,,,UhuruOne,,,,
MTWARA,MTWARA,MASASI,MLIMANI,MT.03/208,,MKOMAINDO,E,,,G,,,,,UhuruOne,,,,
MTWARA,MTWARA,MASASI,MLUNDELUNDE,MT.03/134,,MKOMAINDO,E,,,G,,,,,UhuruOne,,,,
MTWARA,MTWARA,MASASI,MOROKO,MT.03/222,,MKOMAINDO,E,,,S,,,,,UhuruOne,,,,
MTWARA,MTWARA,MASASI,MPINDIMBI,MT.03/013,,MKOMAINDO,E,,,G,,,,,UhuruOne,,,,
MTWARA,MTWARA,MASASI,MTAKUJA   II,MT.03/160,,MKOMAINDO,E,,,S,,,,,UhuruOne,,,,
MTWARA,MTWARA,MASASI,MUMBAKA,MT.03/136,,MKOMAINDO,E,,,S,,,,,UhuruOne,,,,
MTWARA,MTWARA,MASASI,MWENGE MTAPIKA,MT.03/171,,MKOMAINDO,E,,,S,,,,,UhuruOne,,,,
MTWARA,MTWARA,MASASI,MWITI,MT.03/030,,MKOMAINDO,E,,,S,,,,,UhuruOne,,,,
MTWARA,MTWARA,MASASI,NAMATUNU,MT.03/090,,MKOMAINDO,E,,,S,,,,,UhuruOne,,,,
MTWARA,MTWARA,MASASI,NAMKUNGWI,MT.03/108,,MKOMAINDO,E,,,S,,,,,UhuruOne,,,,
MTWARA,MTWARA,MASASI,NANGOSE,MT.03/092,,MKOMAINDO,E,,,S,,,,,UhuruOne,,,,
MTWARA,MTWARA,MASASI,NAMIKUNDA,MT.03/032,,MKOMAINDO,E,,,S,,,,,UhuruOne,,,,
MTWARA,MTWARA,MASASI,NYASA,MT.03/111,,MKOMAINDO,E,,,G,,,,,UhuruOne,,,,
MTWARA,MTWARA,MASASI,SABA SABA,MT.03/205,,MKOMAINDO,E,,,G,,,,,UhuruOne,,,,
MTWARA,MTWARA,MASASI,SULULU,MT.03/165,,MKOMAINDO,E,,,S,,,,,UhuruOne,,,,
MTWARA,MTWARA,MASASI,TEMEKE,MT.03/239,,MKOMAINDO,E,,,S,,,,,UhuruOne,,,,
MTWARA,MTWARA,MASASI,TUKAEWOTE,MT.03/124,,MKOMAINDO,E,,,S,,,,,UhuruOne,,,,
MTWARA,MTWARA,MASASI,AZIMIO,MT.03/210,,LUKULEDI,E,,,S,,,,,UhuruOne,,,,
MTWARA,MTWARA,MASASI,CHIKOWETI,MT.03/044,,LUKULEDI,E,,,S,,,,,UhuruOne,,,,
MTWARA,MTWARA,MASASI,CHIKUNJA    I,MT.03/004,,LUKULEDI,E,,,S,,,,,UhuruOne,,,,
MTWARA,MTWARA,MASASI,CHINGULUNGULU,MT.03/066,,LUKULEDI,E,,,S,,,,,UhuruOne,,,,
MTWARA,MTWARA,MASASI,CHIPUNDA,MT.03/225,,LUKULEDI,E,,,S,,,,,UhuruOne,,,,
MTWARA,MTWARA,MASASI,CHIRORO,MT.03/128,,LUKULEDI,E,,,S,,,,,UhuruOne,,,,
MTWARA,MTWARA,MASASI,CHIWALE,MT.03/113,,LUKULEDI,E,,,S,,,,,UhuruOne,,,,
MTWARA,MTWARA,MASASI,KISIWANI,MT.03/183,,LUKULEDI,E,,,S,,,,,UhuruOne,,,,
MTWARA,MTWARA,MASASI,LILALA,MT.03/203,,LUKULEDI,E,,,S,,,,,UhuruOne,,,,
MTWARA,MTWARA,MASASI,LUKULEDI,MT.03/068,,LUKULEDI,E,,,G,,,,,UhuruOne,,,,
MTWARA,MTWARA,MASASI,LUKULEDI (SPECIAL ED),MT.03/223,,LUKULEDI,E,,,G,,,,,UhuruOne,,,,
MTWARA,MTWARA,MASASI,MASIKU,MT.03/211,,LUKULEDI,E,,,S,,,,,UhuruOne,,,,
MTWARA,MTWARA,MASASI,NASINDI,MT.03/076,,LUKULEDI,E,,,S,,,,,UhuruOne,,,,
MTWARA,MTWARA,MASASI,NGALOLE      A,MT.03/177,,LUKULEDI,E,,,S,,,,,UhuruOne,,,,
MTWARA,MTWARA,MASASI,NGALOLE      B,MT.03/213,,LUKULEDI,E,,,S,,,,,UhuruOne,,,,
MTWARA,MTWARA,MASASI,MIHIMA,MT.03/104,,LUKULEDI,E,,,S,,,,,UhuruOne,,,,
MTWARA,MTWARA,MASASI,MKWAPA,MT.03/168,,LUKULEDI,E,,,S,,,,,UhuruOne,,,,
MTWARA,MTWARA,MASASI,MLINGULA,MT.03/150,,LUKULEDI,E,,,S,,,,,UhuruOne,,,,
MTWARA,MTWARA,MASASI,MNAZI MOJA,MT.03/188,,LUKULEDI,M,-10 52.621',39 30.359',S,,,,,Kicheko Survey,Mohamed Mtambo,0712-499612,,
MTWARA,MTWARA,MASASI,MPANYANI,MT.03/199,,LUKULEDI,B,-10 33.024',38 41.252',S,,,,,Kicheko Survey,Ali Daudi,0786-831175,,
MTWARA,MTWARA,MASASI,MRAUSHI,MT.03/088,,LUKULEDI,E,,,S,,,,,UhuruOne,,,,
MTWARA,MTWARA,MASASI,MSIKISI,MT.03/166,,LUKULEDI,E,,,S,,,,,UhuruOne,,,,
MTWARA,MTWARA,MASASI,MUUNGANO,MT.03/241,,LUKULEDI,M,-10 35.685',38 40.361,S,,,,,Kicheko Survey,Silvester Njonanje,0786-857357,,
MTWARA,MTWARA,MASASI,NAMALEMBO,MT.03/089,,LUKULEDI,B,-10 45.542',38 27.398',S,,,,,Kicheko Survey,Saidi Mtila,0786-904275,,
MTWARA,MTWARA,MASASI,NAMAJANI,MT.03/096,,LUKULEDI,E,,,S,,,,,UhuruOne,,,,
MTWARA,MTWARA,MASASI,NAMATUTWE,MT.03/060,,LUKULEDI,E,,,S,,,,,UhuruOne,,,,
MTWARA,MTWARA,MASASI,NAMBAWALA,MT.03/081,,LUKULEDI,B,-10 32.643',38 43.928',S,,,,,Kicheko Survey,George Wema,0756-696081,,
MTWARA,MTWARA,MASASI,NAMICHI,MT.03/212,,LUKULEDI,B,-10 41.785',38 40.288',S,,,,,Kicheko Survey,Anna Mitande,0787-738530,,
MTWARA,MTWARA,MASASI,NANYINDWA,MT.03/041,,LUKULEDI,E,,,,,,,,UhuruOne,,,,
MTWARA,MTWARA,MASASI,NAPATA,MT.03/087,,LUKULEDI,E,,,S,,,,,UhuruOne,,,,
MTWARA,MTWARA,MASASI,UFUKONI,MT.03/220,,LUKULEDI,B,-10 34.992',38 36.936',S,,,,,Kicheko Survey,Michael Mpolela,0688-342263,,
MTWARA,MTWARA,TANDAHIMBA,CHIDEDE,MT.05/002,,LUAGALA,E,,,S,,,,,UhuruOne,,,,
MTWARA,MTWARA,TANDAHIMBA,CHAUME,MT.05/001,,LUAGALA,E,,,S,,,,,UhuruOne,,,,
MTWARA,MTWARA,TANDAHIMBA,LIBOBE,MT.05/112,,LUAGALA,M,-10 29.452',39 31.191',S,,,,,Kicheko Survey,Bakari Chode,0784-135104,,
MTWARA,MTWARA,TANDAHIMBA,LIKOLOMBE,MT.05/018,,LUAGALA,E,,,S,,,,,UhuruOne,,,,
MTWARA,MTWARA,TANDAHIMBA,LIPONDE,MT.05/113,,LUAGALA,E,,,S,,,,,UhuruOne,,,,
MTWARA,MTWARA,TANDAHIMBA,LITEHU,MT.05/020,,LUAGALA,E,,,S,,,,,UhuruOne,,,,
MTWARA,MTWARA,TANDAHIMBA,LUAGALA,MT.05/022,,LUAGALA,E,,,S,,,,,UhuruOne,,,,
MTWARA,MTWARA,TANDAHIMBA,LUAGALA       B,MT.05/120,,LUAGALA,B,-10 32.199',39 28.206',S,,,,,Kicheko Survey,Saidi Swalehe,0682-980914,,
MTWARA,MTWARA,TANDAHIMBA,LUHEYA,MT.05/128,,LUAGALA,E,,,S,,,,,UhuruOne,,,,
MTWARA,MTWARA,TANDAHIMBA,MABETI,MT.05/028,,LUAGALA,M,,,S,,,,,,,,,
MTWARA,MTWARA,TANDAHIMBA,MACHEDI,MT.05/135,,LUAGALA,E,,,S,,,,,UhuruOne,,,,
MTWARA,MTWARA,TANDAHIMBA,NGUNJA,MT.05/104,,LUAGALA,E,,,S,,,,,UhuruOne,,,,
MTWARA,MTWARA,TANDAHIMBA,MIKUYU,MT.05/051,,LUAGALA,E,,,S,,,,,UhuruOne,,,,
MTWARA,MTWARA,TANDAHIMBA,MKOLA JUU,MT.05/133,,LUAGALA,E,,,S,,,,,UhuruOne,,,,
MTWARA,MTWARA,TANDAHIMBA,MKOLA TANKINI,MT.05/061,,LUAGALA,B,-10 27.922',39 27.461',S,,,,,Kicheko Survey,Hamza Mtumula,0786-186377,,
MTWARA,MTWARA,TANDAHIMBA,MKONJOWANO,MT.05/062,,LUAGALA,E,,,S,,,,,UhuruOne,,,,
MTWARA,MTWARA,TANDAHIMBA,MKUTI,MT.05/068,,LUAGALA,E,,,,,,,,UhuruOne,,,,
MTWARA,MTWARA,TANDAHIMBA,MKWEDU LUAGALA,MT.05/063,,LUAGALA,E,,,S,,,,,UhuruOne,,,,
MTWARA,MTWARA,TANDAHIMBA,MKWITI,MT.05/065,,LUAGALA,E,,,,,,,,UhuruOne,,,,
MTWARA,MTWARA,TANDAHIMBA,MMEDA,MT.05/070,,LUAGALA,E,,,S,,,,,UhuruOne,,,,
MTWARA,MTWARA,TANDAHIMBA,MWERU,MT.05/086,,LUAGALA,E,,,S,,,,,UhuruOne,,,,
MTWARA,MTWARA,TANDAHIMBA,NAMINDONDI,MT.05/095,,LUAGALA,E,,,S,,,,,UhuruOne,,,,
MTWARA,MTWARA,TANDAHIMBA,NAMYONGA A (NAMIYONGA A),MT.04/077,,LUAGALA,E,,,,,,,,UhuruOne,,,,
MTWARA,MTWARA,TANDAHIMBA,NANGOMBYA (MANGOMBYA),MT.05/038,,LUAGALA,E,,,S,,,,,UhuruOne,,,,
MTWARA,MTWARA,TANDAHIMBA,NANNALA,MT.05/100,,LUAGALA,E,,,S,,,,,UhuruOne,,,,
MTWARA,MTWARA,TANDAHIMBA,ULODALEO,MT.05/109,,LUAGALA,E,,,S,,,,,UhuruOne,,,,
MTWARA,MTWARA,TANDAHIMBA,CHIKONGO,MT.05/004,,MIHAMBWE,E,,,S,,,,,UhuruOne,,,,
MTWARA,MTWARA,TANDAHIMBA,CHILINDA,MT.05/006,,MIHAMBWE,E,,,S,,,,,UhuruOne,,,,
MTWARA,MTWARA,TANDAHIMBA,DINYEKE,MT.05/126,,MIHAMBWE,E,,,S,,,,,UhuruOne,,,,
MTWARA,MTWARA,TANDAHIMBA,KILIDU-MKOREHA,MT.05/014,,MIHAMBWE,E,,,S,,,,,UhuruOne,,,,
MTWARA,MTWARA,TANDAHIMBA,KITAMA       I,MT.05/015,,MIHAMBWE,E,,,S,,,,,UhuruOne,,,,
MTWARA,MTWARA,TANDAHIMBA,MICHENJELE,MT.05/047,,MIHAMBWE,B,-10 27.323',39 57.029',S,,,,,Kicheko Survey,Juma Togwa,0789-608925,,
MTWARA,MTWARA,TANDAHIMBA,MIHAMBWE,MT.05/048,,MIHAMBWE,E,,,S,,,,,UhuruOne,,,,
MTWARA,MTWARA,TANDAHIMBA,MITONDI,MT.05/056,,MIHAMBWE,E,,,S,,,,,UhuruOne,,,,
MTWARA,MTWARA,TANDAHIMBA,MITONDI          A,MT.05/114,,MIHAMBWE,E,,,S,,,,,UhuruOne,,,,
MTWARA,MTWARA,TANDAHIMBA,MITUMBATI,MT.05/057,,MIHAMBWE,E,,,S,,,,,UhuruOne,,,,
MTWARA,MTWARA,TANDAHIMBA,MKAHA,MT.05/129,,MIHAMBWE,E,,,S,,,,,UhuruOne,,,,
MTWARA,MTWARA,TANDAHIMBA,MMALALA,MT.05/069,,MIHAMBWE,E,,,S,,,,,UhuruOne,,,,
MTWARA,MTWARA,TANDAHIMBA,MNYAHI,MT.05/073,,MIHAMBWE,B,-10 47.100',39 45.249',S,,,,,Kicheko Survey,Haruni Hittu,0769-773977,,
MTWARA,MTWARA,TANDAHIMBA,MPUNDA,MT.05/132,,MIHAMBWE,E,,,S,,,,,UhuruOne,,,,
MTWARA,MTWARA,TANDAHIMBA,MWANGAZA,MT.05/084,,MIHAMBWE,E,,,S,,,,,UhuruOne,,,,
MTWARA,MTWARA,TANDAHIMBA,MWENGE,MT.05/085,,MIHAMBWE,B,-10 23.133',40 07.600',S,,,,,Kicheko Survey,Musomi Mugeta,0682-592846,,
MTWARA,MTWARA,TANDAHIMBA,NAMDWANI,MT.05/091,,MIHAMBWE,E,,,S,,,,,UhuruOne,,,,
MTWARA,MTWARA,TANDAHIMBA,NAMEDI,MT.05/130,,MIHAMBWE,E,,,S,,,,,UhuruOne,,,,
MTWARA,MTWARA,TANDAHIMBA,NAMUNDA,MT.05/118,,MIHAMBWE,E,,,G,,,,,UhuruOne,,,,
MTWARA,MTWARA,TANDAHIMBA,NAPUTA,MT.05/102,,MIHAMBWE,E,,,S,,,,,UhuruOne,,,,
MTWARA,MTWARA,TANDAHIMBA,NGONGO,MT.05/103,,MIHAMBWE,E,,,S,,,,,UhuruOne,,,,
MTWARA,MTWARA,TANDAHIMBA,NG'ONGORO,MT.05/123,,MIHAMBWE,E,,,S,,,,,UhuruOne,,,,
MTWARA,MTWARA,TANDAHIMBA,NYUTA,TEMP_0013,,MIHAMBWE,E,,,,,,,,UhuruOne,,,,
MTWARA,MTWARA,TANDAHIMBA,RUVUMA,MT.05/116,,MIHAMBWE,E,,,S,,,,,UhuruOne,,,,
MTWARA,MTWARA,TANDAHIMBA,AMANI,MT.05/119,,MATOGORO,E,,,S,,,,,UhuruOne,,,,
MTWARA,MTWARA,TANDAHIMBA,DINDUMA,MT.05/124,,MATOGORO,E,,,S,,,,,UhuruOne,,,,
MTWARA,MTWARA,TANDAHIMBA,LIENJE,MT.05/017,,MATOGORO,E,,,S,,,,,UhuruOne,,,,
MTWARA,MTWARA,TANDAHIMBA,MADABA,MT.05/029,,MATOGORO,E,,,,,,,,UhuruOne,,,,
MTWARA,MTWARA,TANDAHIMBA,MAHOHA,MT.05/125,,MATOGORO,E,,,S,,,,,UhuruOne,,,,
MTWARA,MTWARA,TANDAHIMBA,MALAMBA,MT.05/036,,MATOGORO,E,,,S,,,,,UhuruOne,,,,
MTWARA,MTWARA,TANDAHIMBA,MATOGORO,TEMP_0014,,MATOGORO,E,,,S,,,,,UhuruOne,,,,
MTWARA,MTWARA,TANDAHIMBA,MBALALA,MT.05/042,,MATOGORO,M,-10 43.939',39 35.942',S,,,,,Kicheko Survey,Saleh Chitanda,0784-662578,,
MTWARA,MTWARA,TANDAHIMBA,MILONGODI,MT.05/053,,MATOGORO,E,,,S,,,,,UhuruOne,,,,
MTWARA,MTWARA,TANDAHIMBA,MITENE,MT.05/055,,MATOGORO,E,,,S,,,,,UhuruOne,,,,
MTWARA,MTWARA,TANDAHIMBA,MIULE,MT.05/058,,MATOGORO,E,,,S,,,,,UhuruOne,,,,
MTWARA,MTWARA,TANDAHIMBA,MTINGINDA,MT.05/115,,MATOGORO,E,,,S,,,,,UhuruOne,,,,
MTWARA,MTWARA,TANDAHIMBA,NACHUNYU,MT.05/087,,MATOGORO,B,-10 41.081',39» 35.263',S,,,,,Kicheko Survey,Ahmad Mtepa,0784-713339,,
MTWARA,MTWARA,TANDAHIMBA,NAMBAHU,MT.05/090,,MATOGORO,E,,,S,,,,,UhuruOne,,,,
MTWARA,MTWARA,TANDAHIMBA,NAMKOMOLELA,MT.05/096,,MATOGORO,E,,,S,,,,,UhuruOne,,,,
MTWARA,MTWARA,TANDAHIMBA,NANHYANGA    A,MT.05/097,,MATOGORO,B,-10 48.934',39 31.281',S,,,,,Kicheko Survey,Steven Mbwaniruwa,0784-852987,,
MTWARA,MTWARA,TANDAHIMBA,NANHYANGA     B,MT.05/098,,MATOGORO,E,,,S,,,,,UhuruOne,,,,
MTWARA,MTWARA,TANDAHIMBA,NANYUWILA,MT.05/101,,MATOGORO,E,,,S,,,,,UhuruOne,,,,
MTWARA,MTWARA,TANDAHIMBA,NIVANGA (MIVANGA),MT.05/060,,MATOGORO,E,,,S,,,,,UhuruOne,,,,
MTWARA,MTWARA,TANDAHIMBA,NJIMPYA (MJIMPYA),MT.05/117,,MATOGORO,E,,,S,,,,,UhuruOne,,,,
MTWARA,MTWARA,TANDAHIMBA,TANDAHIMBA,MT.05/106,,MATOGORO,E,,,S,,,,,UhuruOne,,,,
MTWARA,MTWARA,TANDAHIMBA,UKOMBOZI,MT.05/110,,MATOGORO,E,,,S,,,,,UhuruOne,,,,
MTWARA,MTWARA,TANDAHIMBA,ZAMBIA,MT.05/111,,MATOGORO,E,,,S,,,,,UhuruOne,,,,
MTWARA,MTWARA,TANDAHIMBA,CHIKONGOLA,MT.05/003,,CHIKONGOLA,M,-10 17.017',40 10.700',G,,,,,Kicheko Survey,Charles Makolo,0785-306932,,
MTWARA,MTWARA,TANDAHIMBA,CHIKUNDA,MT.05/005,,CHIKONGOLA,E,,,S,,,,,UhuruOne,,,,
MTWARA,MTWARA,TANDAHIMBA,CHITOHOLI,MT.05/008,,CHIKONGOLA,E,,,S,,,,,UhuruOne,,,,
MTWARA,MTWARA,TANDAHIMBA,CHITOHOLI A,MT.05/134,,CHIKONGOLA,E,,,S,,,,,UhuruOne,,,,
MTWARA,MTWARA,TANDAHIMBA,CHUNGUNGWE,MT.05/007,,CHIKONGOLA,E,,,S,,,,,UhuruOne,,,,
MTWARA,MTWARA,TANDAHIMBA,DINEMBO,MT.05/011,,CHIKONGOLA,E,,,S,,,,,UhuruOne,,,,
MTWARA,MTWARA,TANDAHIMBA,LIPALWE,MT.05/019,,CHIKONGOLA,B,-10 56.711',39 28.302',S,,,,,Kicheko Survey,Mtawanya Ahmed,0787-899540,,
MTWARA,MTWARA,TANDAHIMBA,LIPALWE CHINI,MT.05/127,,CHIKONGOLA,E,,,S,,,,,UhuruOne,,,,
MTWARA,MTWARA,TANDAHIMBA,LUBANGALA,MT.05/026,,CHIKONGOLA,E,,,S,,,,,UhuruOne,,,,
MTWARA,MTWARA,TANDAHIMBA,MAHUTA BONDENI,MT.05/031,,CHIKONGOLA,E,,,G,,,,,UhuruOne,,,,
MTWARA,MTWARA,TANDAHIMBA,MAHUTA MJINI,MT.05/032,,CHIKONGOLA,B,-10 52.707',39» 25.812',S,,,,,Kicheko Survey,Zuhura Chilomba,0788-151504,,
MTWARA,MTWARA,TANDAHIMBA,MAJENGO,MT.05/033,,CHIKONGOLA,E,,,S,,,,,UhuruOne,,,,
MTWARA,MTWARA,TANDAHIMBA,MAKAYAKA (NAKAYAKA),MT.05/088,,CHIKONGOLA,E,,,S,,,,,UhuruOne,,,,
MTWARA,MTWARA,TANDAHIMBA,MAMBAMBA,MT.05/037,,CHIKONGOLA,E,,,S,,,,,UhuruOne,,,,
MTWARA,MTWARA,TANDAHIMBA,MFYATULA,MT.05/122,,CHIKONGOLA,E,,,S,,,,,UhuruOne,,,,
MTWARA,MTWARA,TANDAHIMBA,MIKUNDA,MT.05/050,,CHIKONGOLA,E,,,S,,,,,UhuruOne,,,,
MTWARA,MTWARA,TANDAHIMBA,MILUMBA,MT.05/054,,CHIKONGOLA,E,,,S,,,,,UhuruOne,,,,
MTWARA,MTWARA,TANDAHIMBA,MKULUNG'ULU,MT.05/066,,CHIKONGOLA,E,,,S,,,,,UhuruOne,,,,
MTWARA,MTWARA,TANDAHIMBA,MKUPETE,MT.05/067,,CHIKONGOLA,E,,,S,,,,,UhuruOne,,,,
MTWARA,MTWARA,TANDAHIMBA,MNDUMBWE,MT.05/072,,CHIKONGOLA,E,,,S,,,,,UhuruOne,,,,
MTWARA,MTWARA,TANDAHIMBA,MTANDAVALA,MT.05/077,,CHIKONGOLA,E,,,S,,,,,UhuruOne,,,,
MTWARA,MTWARA,TANDAHIMBA,MTEGU,MT.05/078,,CHIKONGOLA,E,,,S,,,,,UhuruOne,,,,
MTWARA,MTWARA,TANDAHIMBA,MTENDA,MT.05/079,,CHIKONGOLA,E,,,S,,,,,UhuruOne,,,,
MTWARA,MTWARA,TANDAHIMBA,MTONI,MT.05/081,,CHIKONGOLA,E,,,S,,,,,UhuruOne,,,,
MTWARA,MTWARA,TANDAHIMBA,MNYOMA,MT.05/076,,CHIKONGOLA,E,,,S,,,,,UhuruOne,,,,
MTWARA,MTWARA,TANDAHIMBA,CHIUMO,MT.05/009,,MCHICHIRA,E,,,S,,,,,UhuruOne,,,,
MTWARA,MTWARA,TANDAHIMBA,GHANA,MT.05/012,,MCHICHIRA,E,,,S,,,,,UhuruOne,,,,
MTWARA,MTWARA,TANDAHIMBA,JANGWANI,MT.05/013,,MCHICHIRA,E,,,S,,,,,UhuruOne,,,,
MTWARA,MTWARA,TANDAHIMBA,KUNANDUNDU,MT.05/016,,MCHICHIRA,E,,,S,,,,,UhuruOne,,,,
MTWARA,MTWARA,TANDAHIMBA,LITEMLA,MT.05/021,,MCHICHIRA,E,,,S,,,,,UhuruOne,,,,
MTWARA,MTWARA,TANDAHIMBA,LUKOKODA,MT.05/027,,MCHICHIRA,E,,,S,,,,,UhuruOne,,,,
MTWARA,MTWARA,TANDAHIMBA,MAHEHA,MT.05/030,,MCHICHIRA,E,,,S,,,,,UhuruOne,,,,
MTWARA,MTWARA,TANDAHIMBA,MAUNDO JUU,MT.05/041,,MCHICHIRA,E,,,S,,,,,UhuruOne,,,,
MTWARA,MTWARA,TANDAHIMBA,MBUYUNI,MT.05/021,,MCHICHIRA,E,,,S,,,,,UhuruOne,,,,
MTWARA,MTWARA,TANDAHIMBA,MCHICHIRA        A,MT.05/044,,MCHICHIRA,E,,,S,,,,,UhuruOne,,,,
MTWARA,MTWARA,TANDAHIMBA,MNAZIMMOJA,MT.05/071,,MCHICHIRA,E,,,S,,,,,UhuruOne,,,,
MTWARA,MTWARA,TANDAHIMBA,MNYAWA,MT.05/075,,MCHICHIRA,E,,,S,,,,,UhuruOne,,,,
MTWARA,MTWARA,TANDAHIMBA,MUNDAMKULU,MT.05/083,,MCHICHIRA,M,-10 53.215',39 30.552',S,,,,,Kicheko Survey,Abdul Mawazo,0784-129022,,
MTWARA,MTWARA,TANDAHIMBA,NAMAHONGA,MT.05/089,,MCHICHIRA,E,,,S,,,,,UhuruOne,,,,
MTWARA,MTWARA,TANDAHIMBA,NAMIKUPA     I,MT.05/092,,MCHICHIRA,E,,,S,,,,,UhuruOne,,,,
MTWARA,MTWARA,TANDAHIMBA,NANIKUPA     II,MT.05/093,,MCHICHIRA,E,,,S,,,,,UhuruOne,,,,
MTWARA,MTWARA,TANDAHIMBA,SHANGANI,MT.05/105,,MCHICHIRA,E,,,S,,,,,UhuruOne,,,,
MTWARA,MTWARA,MTWARA MC,CHIKONGOLA,MT.01/001,,MAJENGO,E,,,G,,,,,UhuruOne,,,,
MTWARA,MTWARA,MTWARA MC,CHUNO,MT.01/002,,MAJENGO,E,,,G,,,,,UhuruOne,,,,
MTWARA,MTWARA,MTWARA MC,KAMBARAGE,MT.01/020,,MAJENGO,E,,,S,,,,,UhuruOne,,,,
MTWARA,MTWARA,MTWARA MC,LIKONDE,MT.01/004,,MAJENGO,E,,,G,,,,,UhuruOne,,,,
MTWARA,MTWARA,MTWARA MC,MAENDELEO,MT.01/024,,MAJENGO,E,,,G,,,,,UhuruOne,,,,
MTWARA,MTWARA,MTWARA MC,MAJENGO,MT.01/008,,MAJENGO,E,,,G,,,,,UhuruOne,,,,
MTWARA,MTWARA,MTWARA MC,MANGAMBA,MT.01/009,,MAJENGO,E,,,S,,,,,UhuruOne,,,,
MTWARA,MTWARA,MTWARA MC,MAZOEZI LIGULA,MT.01/003,,MAJENGO,E,,,S,,,,,UhuruOne,,,,
MTWARA,MTWARA,MTWARA MC,MISUFINI,MT.01/026,,MAJENGO,E,,,G,,,,,UhuruOne,,,,
MTWARA,MTWARA,MTWARA MC,MLIMANI,MT.01/013,,MAJENGO,M,-10 17.083',40 11.333',S,,,,,Kicheko Survey,Shamte Abdillahi,0786-030640,,
MTWARA,MTWARA,MTWARA MC,MTAWANYA,MT.01/022,,MAJENGO,E,,,S,,,,,UhuruOne,,,,
MTWARA,MTWARA,MTWARA MC,NAMAYANGA,MT.01/023,,MAJENGO,B,-10 21.117',40 10.083',S,,,,,Kicheko Survey,Isaac Nampeja,0682-968307,,
MTWARA,MTWARA,MTWARA MC,RAHA LEO,MT.01/016,,MAJENGO,E,,,G,,,,,UhuruOne,,,,
MTWARA,MTWARA,MTWARA MC,SHANGANI,MT.01/017,,MAJENGO,E,,,G,,,,,UhuruOne,,,,
MTWARA,MTWARA,MTWARA MC,TANDIKA,MT.01/028,,MAJENGO,E,,,G,,,,,UhuruOne,,,,
MTWARA,MTWARA,MTWARA MC,LILUNGU,MT.01/005,,MITENGO,E,,,G,,,,,UhuruOne,,,,
MTWARA,MTWARA,MTWARA MC,LWELU,MT.01/006,,MITENGO,E,,,S,,,,,UhuruOne,,,,
MTWARA,MTWARA,MTWARA MC,MAGOMENI,MT.01/007,,MITENGO,E,,,U,,,,,UhuruOne,,,,GRID IN 2012 OR 2013? SOLAR FOR NOW?
MTWARA,MTWARA,MTWARA MC,MANGOWELA,MT.01/025,,MITENGO,M,-10 17.433',40 10.717',S,,,,,Kicheko Survey,Merylce Elisha,0784-953529,,
MTWARA,MTWARA,MTWARA MC,MIKINDANI,MT.01/010,,MITENGO,B,-10 17.000',40 06.400',S,,,,,Kicheko Survey,Emilian Kalembo,0787-269149,,
MTWARA,MTWARA,MTWARA MC,MITENGO,MT.01/011,,MITENGO,E,,,S,,,,,UhuruOne,,,,
MTWARA,MTWARA,MTWARA MC,MIVINJENI,MT.01/027,,MITENGO,E,,,G,,,,,UhuruOne,,,,
MTWARA,MTWARA,MTWARA MC,MKANGALA,MT.01/012,,MITENGO,E,,,S,,,,,UhuruOne,,,,
MTWARA,MTWARA,MTWARA MC,MWENGE,MT.01/021,,MITENGO,E,,,S,,,,,UhuruOne,,,,
MTWARA,MTWARA,MTWARA MC,MNAIDA,MT.01/014,,MITENGO,E,,,S,,,,,UhuruOne,,,,
MTWARA,MTWARA,MTWARA MC,NALIENDELE,MT.01/015,,MITENGO,B,-10 21.480',40 09.340',G,,,,x,Kicheko Survey,Betram Felix,0784-662291,,
MTWARA,MTWARA,MTWARA MC,SINGINO,MT.01/018,,MITENGO,B,-10 06.130',40 04.430',S,,,,,Kicheko Survey,Fidelis Kambanga,0784-591210,,
MTWARA,MTWARA,MTWARA MC,UFUKONI,MT.01/019,,MITENGO,E,,,U,,,,,UhuruOne,,,,GENERATOR = SOLAR OR GRID?
MTWARA,MTWARA,MTWARA DC,CHEMCHEM,MT.02/062,,LIBOBE,E,,,S,,,,,UhuruOne,,,,
MTWARA,MTWARA,MTWARA DC,CHIHANGA,MT.02/108,,LIBOBE,E,,,S,,,,,UhuruOne,,,,
MTWARA,MTWARA,MTWARA DC,ILALA,TEMP_0015,,LIBOBE,E,,,S,,,,,UhuruOne,,,,
MTWARA,MTWARA,MTWARA DC,IMEKUWA,MT.02/059,,LIBOBE,E,,,S,,,,,UhuruOne,,,,
MTWARA,MTWARA,MTWARA DC,KITERE,MT.02/011,,LIBOBE,M,-10 21.261',39 46.809',S,,,,,Kicheko Survey,Yusufu Mkubanika,0784-728098,,
MTWARA,MTWARA,MTWARA DC,LIBOBE,MT.02/007,,LIBOBE,E,,,S,,,,,UhuruOne,,,,
MTWARA,MTWARA,MTWARA DC,LIKONDE,MT.02/092,,LIBOBE,E,,,S,,,,,UhuruOne,,,,
MTWARA,MTWARA,MTWARA DC,LIPWIDI,MT.02/051,,LIBOBE,E,,,S,,,,,UhuruOne,,,,
MTWARA,MTWARA,MTWARA DC,LYOWA,MT.02/056,,LIBOBE,E,,,S,,,,,UhuruOne,,,,
MTWARA,MTWARA,MTWARA DC,MANGOPACHANNE,MT.02/036,,LIBOBE,E,,,G,,,,,UhuruOne,,,,
MTWARA,MTWARA,MTWARA DC,MBUO,MT.02/067,,LIBOBE,B,-10 15.239',39 59.626',S,,,,,Kicheko Survey,Ismaili Likwembe,0779-591801,,
MTWARA,MTWARA,MTWARA DC,NDUMBWE,MT.02/002,,LIBOBE,E,,,G,,,,,UhuruOne,,,,
MTWARA,MTWARA,MTWARA DC,MGAO,MT.02/055,,LIBOBE,M,-10 08.271',39 58.918',S,,,,,Kicheko Survey,Saidi Mponda,0784-589279,,
MTWARA,MTWARA,MTWARA DC,MIKONYE,MT.02/091,,LIBOBE,E,,,S,,,,,UhuruOne,,,,
MTWARA,MTWARA,MTWARA DC,MNG'WENA,MT.02/100,,LIBOBE,E,,,S,,,,,UhuruOne,,,,
MTWARA,MTWARA,MTWARA DC,MNYIJA,MT.02/061,,LIBOBE,M,-10 16.828',39 48.568',S,,,,,Kicheko Survey,Nurdin Rashidi,0786-146926,,
MTWARA,MTWARA,MTWARA DC,MNIMA,MT.02/009,,LIBOBE,E,,,S,,,,,UhuruOne,,,,
MTWARA,MTWARA,MTWARA DC,MNYUNDO,MT.02/020,,LIBOBE,E,,,S,,,,,UhuruOne,,,,
MTWARA,MTWARA,MTWARA DC,MPAPURA,MT.02/066,,LIBOBE,E,,,G,,,,,UhuruOne,,,,
MTWARA,MTWARA,MTWARA DC,MSIJUTE,MT.02/069,,LIBOBE,E,,,S,,,,,UhuruOne,,,,
MTWARA,MTWARA,MTWARA DC,MTAMA,MT.02/076,,LIBOBE,E,,,S,,,,,UhuruOne,,,,
MTWARA,MTWARA,MTWARA DC,MTUKIMANGO,TEMP_0016,,LIBOBE,E,,,S,,,,,UhuruOne,,,,
MTWARA,MTWARA,MTWARA DC,MUUNGANO,MT.02/057,,LIBOBE,E,,,S,,,,,UhuruOne,,,,
MTWARA,MTWARA,MTWARA DC,MWEMBETOGWA,MT.02/102,,LIBOBE,M,-10 19.158',40 00.199',S,,,,,Kicheko Survey,Muhidini Mnyani,0776-577310,,
MTWARA,MTWARA,MTWARA DC,NAMAMBI,MT.02/103,,LIBOBE,E,,,S,,,,,UhuruOne,,,,
MTWARA,MTWARA,MTWARA DC,NAMDIMBA,MT.02/105,,LIBOBE,E,,,S,,,,,UhuruOne,,,,
MTWARA,MTWARA,MTWARA DC,NAMGOGOLI,MT.02/017,,LIBOBE,E,,,S,,,,,UhuruOne,,,,
MTWARA,MTWARA,MTWARA DC,NAMUHI,MT.02/044,,LIBOBE,E,,,S,,,,,UhuruOne,,,,
MTWARA,MTWARA,MTWARA DC,NAUMBU,MT.02/018,,LIBOBE,E,,,S,,,,,UhuruOne,,,,
MTWARA,MTWARA,MTWARA DC,UTENDE,MT.02/065,,LIBOBE,E,,,S,,,,,UhuruOne,,,,
MTWARA,MTWARA,MTWARA DC,KIHAMBA,MT.02/073,,MADIMBA,E,,,S,,,,,UhuruOne,,,,
MTWARA,MTWARA,MTWARA DC,KIHIMIKA,MT.02/079,,MADIMBA,E,,,S,,,,,UhuruOne,,,,
MTWARA,MTWARA,MTWARA DC,KILAMBO,MT.02/080,,MADIMBA,E,,,S,,,,,UhuruOne,,,,
MTWARA,MTWARA,MTWARA DC,KILOMBERO,MT.02/029,,MADIMBA,E,,,S,,,,,UhuruOne,,,,
MTWARA,MTWARA,MTWARA DC,KITUNGULI,MT.02/008,,MADIMBA,E,,,S,,,,,UhuruOne,,,,
MTWARA,MTWARA,MTWARA DC,KIVAVA,MT.02/094,,MADIMBA,E,,,S,,,,,UhuruOne,,,,
MTWARA,MTWARA,MTWARA DC,LITEMBE,MT.02/074,,MADIMBA,E,,,S,,,,,UhuruOne,,,,
MTWARA,MTWARA,MTWARA DC,MADIMBA,MT.02/033,,MADIMBA,E,,,S,,,,,UhuruOne,,,,
MTWARA,MTWARA,MTWARA DC,MAYAYA,MT.02/081,,MADIMBA,E,,,S,,,,,UhuruOne,,,,
MTWARA,MTWARA,MTWARA DC,MITAMBO,MT.02/111,,MADIMBA,E,,,S,,,,,UhuruOne,,,,
MTWARA,MTWARA,MTWARA DC,MKUBIRU,MT.02/054,,MADIMBA,E,,,S,,,,,UhuruOne,,,,
MTWARA,MTWARA,MTWARA DC,MOMA,MT.02/038,,MADIMBA,E,,,S,,,,,UhuruOne,,,,
MTWARA,MTWARA,MTWARA DC,MNGOJI,MT.02/060,,MADIMBA,E,,,G,,,,,UhuruOne,,,,
MTWARA,MTWARA,MTWARA DC,MNOMO,MT.02/097,,MADIMBA,E,,,S,,,,,UhuruOne,,,,
MTWARA,MTWARA,MTWARA DC,MSANGAMKU,MT.02/019,,MADIMBA,E,,,S,,,,,UhuruOne,,,,
MTWARA,MTWARA,MTWARA DC,MSIMBATI,MT.02/014,,MADIMBA,B,-10 21.435',40 25.375',S,,,,,Kicheko Survey,Ali Mpiliga,0782-592515,,
MTWARA,MTWARA,MTWARA DC,MTENDACHI,MT.02/058,,MADIMBA,E,,,S,,,,,UhuruOne,,,,
MTWARA,MTWARA,MTWARA DC,NALINGU,MT.02/039,,MADIMBA,E,,,S,,,,,UhuruOne,,,,
MTWARA,MTWARA,MTWARA DC,NAMBELEKETELA,MT.02/104,,MADIMBA,E,,,S,,,,,UhuruOne,,,,
MTWARA,MTWARA,MTWARA DC,TANGAZO,MT.02/012,,MADIMBA,E,,,S,,,,,UhuruOne,,,,
MTWARA,MTWARA,MTWARA DC,ZIWANI,MT.02/013,,MADIMBA,E,,,S,,,,,UhuruOne,,,,
MTWARA,MTWARA,MTWARA DC,BANDARI,MT.02/048,,NANGURUWE,E,,,U,,,,,UhuruOne,,,,GENERATOR = SOLAR / GRID?
MTWARA,MTWARA,MTWARA DC,CHAWI,MT.02/034,,NANGURUWE,B,-10 33.491',40 06.111',S,,,,,Kicheko Survey,Muhibu Bandari,0686-910633,,
MTWARA,MTWARA,MTWARA DC,DIHIMBA,MT.02/003,,NANGURUWE,E,,,S,,,,,UhuruOne,,,,
MTWARA,MTWARA,MTWARA DC,KAWAWA,MT.02/028,,NANGURUWE,E,,,S,,,,,UhuruOne,,,,
MTWARA,MTWARA,MTWARA DC,KIROMBA,MT.02/016,,NANGURUWE,E,,,S,,,,,UhuruOne,,,,
MTWARA,MTWARA,MTWARA DC,KIROMBA CHINI,MT.02/084,,NANGURUWE,E,,,S,,,,,UhuruOne,,,,
MTWARA,MTWARA,MTWARA DC,KITAYA,MT.02/004,,NANGURUWE,E,,,S,,,,,UhuruOne,,,,
MTWARA,MTWARA,MTWARA DC,MARANJE,MT.02/049,,NANGURUWE,E,,,S,,,,,UhuruOne,,,,
MTWARA,MTWARA,MTWARA DC,MAKOME,MT.02/075,,NANGURUWE,E,,,S,,,,,UhuruOne,,,,
MTWARA,MTWARA,MTWARA DC,MALAMBA,MT.02/046,,NANGURUWE,B,-10 38.399',39 57.886',S,,,,,Kicheko Survey,Eric Mgaya,0782-898802,,
MTWARA,MTWARA,MTWARA DC,MAYEMBE CHINI,MT.02/053,,NANGURUWE,E,,,S,,,,,UhuruOne,,,,
MTWARA,MTWARA,MTWARA DC,MAYEMBE JUU,MT.02/086,,NANGURUWE,E,,,S,,,,,UhuruOne,,,,
MTWARA,MTWARA,MTWARA DC,MBAWALA,MT.02/010,,NANGURUWE,E,,,S,,,,,UhuruOne,,,,
MTWARA,MTWARA,MTWARA DC,MCHANJE,MT.02/091,,NANGURUWE,E,,,S,,,,,UhuruOne,,,,
MTWARA,MTWARA,MTWARA DC,NGONJA,MT.02/096,,NANGURUWE,B,-10 34.877',40 09.469',S,,,,,Kicheko Survey,Salumu Mkoba,0787-022327,,
MTWARA,MTWARA,MTWARA DC,MISUFINI,MT.02/063,,NANGURUWE,E,,,S,,,,,UhuruOne,,,,
MTWARA,MTWARA,MTWARA DC,MIUTA,MT.02/047,,NANGURUWE,M,-10 29.699',39 55.723',S,,,,,Kicheko Survey,Selemani Kassim,0784-053422,,
MTWARA,MTWARA,MTWARA DC,MKOMO,MT.02/095,,NANGURUWE,E,,,S,,,,,UhuruOne,,,,
MTWARA,MTWARA,MTWARA DC,MKUNWA,MT.02/042,,NANGURUWE,E,,,S,,,,,UhuruOne,,,,
MTWARA,MTWARA,MTWARA DC,MKWAJUNI,MT.02/043,,NANGURUWE,E,,,S,,,,,UhuruOne,,,,
MTWARA,MTWARA,MTWARA DC,MPANYANI,MT.02/083,,NANGURUWE,E,,,S,,,,,UhuruOne,,,,
MTWARA,MTWARA,MTWARA DC,MTINIKO,MT.02/015,,NANGURUWE,E,,,S,,,,,UhuruOne,,,,
MTWARA,MTWARA,MTWARA DC,NACHENJELE,MT.02/087,,NANGURUWE,E,,,S,,,,,UhuruOne,,,,
MTWARA,MTWARA,MTWARA DC,NAMAHYAKATA,MT.02/052,,NANGURUWE,E,,,S,,,,,UhuruOne,,,,
MTWARA,MTWARA,MTWARA DC,NAMANJELE,MT.02/085,,NANGURUWE,B,-10 27.323',39 57.029',S,,,,,Kicheko Survey,Juma Togwa,0789-608925,,
MTWARA,MTWARA,MTWARA DC,NANGURUWE,MT.02/005,,NANGURUWE,E,,,S,,,,,UhuruOne,,,,
MTWARA,MTWARA,MTWARA DC,NAVIKOLE,MT.02/077,,NANGURUWE,E,,,S,,,,,UhuruOne,,,,
MTWARA,MTWARA,MTWARA DC,TUMAINI,MT.02/114,,NANGURUWE,E,,,S,,,,,UhuruOne,,,,
MTWARA,MTWARA,MTWARA DC,AZIMIO,MT.02/107,,NANYAMBA,E,,,S,,,,,UhuruOne,,,,
MTWARA,MTWARA,MTWARA DC,CHIKWAYA,MT.02/064,,NANYAMBA,E,,,S,,,,,UhuruOne,,,,
MTWARA,MTWARA,MTWARA DC,CHIWILO,MT.02/109,,NANYAMBA,E,,,S,,,,,UhuruOne,,,,
MTWARA,MTWARA,MTWARA DC,CHIWINDI,MT.02/090,,NANYAMBA,E,,,S,,,,,UhuruOne,,,,
MTWARA,MTWARA,MTWARA DC,DINYECHA,MT.02/065,,NANYAMBA,E,,,S,,,,,UhuruOne,,,,
MTWARA,MTWARA,MTWARA DC,HINJU,MT.02/032,,NANYAMBA,E,,,S,,,,,UhuruOne,,,,
MTWARA,MTWARA,MTWARA DC,KIWENGULO,MT.02/082,,NANYAMBA,E,,,S,,,,,UhuruOne,,,,
MTWARA,MTWARA,MTWARA DC,KILIMAHEWA,MT.02/098,,NANYAMBA,B,-10 48.134',39 55.292',S,,,,,Kicheko Survey,Hamimu Mowaz,0682-594920,,
MTWARA,MTWARA,MTWARA DC,KITAMABONDENI,MT.02/035,,NANYAMBA,B,-10 42.953',39 44.213',S,,,,,Kicheko Survey,Abdallah Nambwenga,0787-428124,,
MTWARA,MTWARA,MTWARA DC,KIYANGA,MT.02/041,,NANYAMBA,E,,,S,,,,,UhuruOne,,,,
MTWARA,MTWARA,MTWARA DC,MAJENGO,MT.02/099,,NANYAMBA,E,,,S,,,,,UhuruOne,,,,
MTWARA,MTWARA,MTWARA DC,MBAMBAKOFI,MT.02/071,,NANYAMBA,E,,,S,,,,,UhuruOne,,,,
MTWARA,MTWARA,MTWARA DC,MBEMBALEO,MT.02/022,,NANYAMBA,E,,,S,,,,,UhuruOne,,,,
MTWARA,MTWARA,MTWARA DC,MIGOMBANI,MT.02/088,,NANYAMBA,E,,,S,,,,,UhuruOne,,,,
MTWARA,MTWARA,MTWARA DC,MIBOBO,MT.02/050,,NANYAMBA,E,,,S,,,,,UhuruOne,,,,
MTWARA,MTWARA,MTWARA DC,MILANGOMINNE,MT.02/070,,NANYAMBA,B,-10 43.577',39 49.841',S,,,,,Kicheko Survey,Silvester Ndunguru,0782-197320,,
MTWARA,MTWARA,MTWARA DC,MIULE,TEMP_0017,,NANYAMBA,E,,,S,,,,,UhuruOne,,,,
MTWARA,MTWARA,MTWARA DC,MKAHARA,MT.02/101,,NANYAMBA,E,,,S,,,,,UhuruOne,,,,
MTWARA,MTWARA,MTWARA DC,MNONGODI,MT.02/027,,NANYAMBA,E,,,S,,,,,UhuruOne,,,,
MTWARA,MTWARA,MTWARA DC,MNYAHI,MT.02/045,,NANYAMBA,E,,,S,,,,,UhuruOne,,,,
MTWARA,MTWARA,MTWARA DC,MNYAWI,MT.02/031,,NANYAMBA,E,,,S,,,,,UhuruOne,,,,
MTWARA,MTWARA,MTWARA DC,MTIMBWILIMBWI,MT.02/023,,NANYAMBA,E,,,S,,,,,UhuruOne,,,,
MTWARA,MTWARA,MTWARA DC,MTOPWA,MT.02/112,,NANYAMBA,E,,,S,,,,,UhuruOne,,,,
MTWARA,MTWARA,MTWARA DC,MWANG'ANGA,MT.02/072,,NANYAMBA,E,,,S,,,,,UhuruOne,,,,
MTWARA,MTWARA,MTWARA DC,NANJEDYA,MT.02/030,,NANYAMBA,E,,,S,,,,,UhuruOne,,,,
MTWARA,MTWARA,MTWARA DC,NAMISANGI,MT.02/106,,NANYAMBA,E,,,S,,,,,UhuruOne,,,,
MTWARA,MTWARA,MTWARA DC,NAMKUKU,MT.02/078,,NANYAMBA,E,,,S,,,,,UhuruOne,,,,
MTWARA,MTWARA,MTWARA DC,NAMTUMBUKA,MT.02/024,,NANYAMBA,E,,,S,,,,,UhuruOne,,,,
MTWARA,MTWARA,MTWARA DC,NANG'AWANGA,MT.02/040,,NANYAMBA,E,,,S,,,,,UhuruOne,,,,
MTWARA,MTWARA,MTWARA DC,NANYAMBA,MT.02/021,,NANYAMBA,E,,,,,,,,UhuruOne,,,,
MTWARA,MTWARA,MTWARA DC,NANYAMBA      B,MT.02/093,,NANYAMBA,E,,,S,,,,,UhuruOne,,,,
MTWARA,MTWARA,MTWARA DC,NARUNGA,MT.02/113,,NANYAMBA,E,,,S,,,,,UhuruOne,,,,
MTWARA,MTWARA,MTWARA DC,NITEKELA,MT.02/025,,NANYAMBA,E,,,S,,,,,UhuruOne,,,,
MTWARA,MTWARA,MTWARA DC,NIYUMBA,MT.02/089,,NANYAMBA,E,,,S,,,,,UhuruOne,,,,
MTWARA,MTWARA,MTWARA DC,NJENGWA,MT.02/006,,NANYAMBA,E,,,S,,,,,UhuruOne,,,,
MTWARA,MTWARA,MTWARA DC,NYAHI,TEMP_0018,,NANYAMBA,E,,,S,,,,,UhuruOne,,,,
MTWARA,MTWARA,MTWARA DC,NYUNDO      B,TEMP_0019,,NANYAMBA,E,,,S,,,,,UhuruOne,,,,
MTWARA,MTWARA,MTWARA DC,NYUNDO      II,MT.02/026,,NANYAMBA,E,,,S,,,,,UhuruOne,,,,
MTWARA,MTWARA,NANYUMBU,CHITOWE,MT.06/083,,NANYUMBU,E,,,S,,,,,UhuruOne,,,,
MTWARA,MTWARA,NANYUMBU,CHUNGU,MT.06/051,,NANYUMBU,E,,,S,,,,,UhuruOne,,,,
MTWARA,MTWARA,NANYUMBU,LUKULA,MT.06/053,,NANYUMBU,E,,,S,,,,,UhuruOne,,,,
MTWARA,MTWARA,NANYUMBU,LUKWIKA,MT.06/054,,NANYUMBU,E,,,S,,,,,UhuruOne,,,,
MTWARA,MTWARA,NANYUMBU,MAKANYA,MT.06/070,,NANYUMBU,E,,,S,,,,,UhuruOne,,,,
MTWARA,MTWARA,NANYUMBU,MANEME,MT.06/118,,NANYUMBU,E,,,S,,,,,UhuruOne,,,,
MTWARA,MTWARA,NANYUMBU,MARUMBA,MT.06/176,,NANYUMBU,E,,,S,,,,,UhuruOne,,,,
MTWARA,MTWARA,NANYUMBU,MASUGURU,MT.06/101,,NANYUMBU,E,,,S,,,,,UhuruOne,,,,
MTWARA,MTWARA,NANYUMBU,MTAMBASWALA,MT.06/218,,NANYUMBU,E,,,S,,,,,UhuruOne,,,,
MTWARA,MTWARA,NANYUMBU,MBANGARA-MBUYUNI,MT.06/238,,NANYUMBU,E,,,S,,,,,UhuruOne,,,,
MTWARA,MTWARA,NANYUMBU,MEHIRU,MT.06/235,,NANYUMBU,E,,,S,,,,,UhuruOne,,,,
MTWARA,MTWARA,NANYUMBU,MITUMBATI,MT.06/187,,NANYUMBU,E,,,S,,,,,UhuruOne,,,,
MTWARA,MTWARA,NANYUMBU,MTAWATAWA,MT.06/192,,NANYUMBU,B,-11 03.114',38 36.129',S,,,,,Kicheko Survey,Hamis Ali,0787-188012,,
MTWARA,MTWARA,NANYUMBU,NAMAROMBA,MT.06/197,,NANYUMBU,E,,,S,,,,,UhuruOne,,,,
MTWARA,MTWARA,NANYUMBU,NAMIJATI,MT.06/228,,NANYUMBU,E,,,S,,,,,UhuruOne,,,,
MTWARA,MTWARA,NANYUMBU,NANDERU,MT.06/091,,NANYUMBU,E,,,S,,,,,UhuruOne,,,,
MTWARA,MTWARA,NANYUMBU,NANYUMBU     I,MT.06/028,,NANYUMBU,E,,,S,,,,,UhuruOne,,,,
MTWARA,MTWARA,NANYUMBU,NANYUMBU     II,MT.06/152,,NANYUMBU,E,,,S,,,,,UhuruOne,,,,
MTWARA,MTWARA,NANYUMBU,NAURU,MT.06/137,,NANYUMBU,E,,,S,,,,,UhuruOne,,,,
MTWARA,MTWARA,NANYUMBU,NJISA,MT.06/126,,NANYUMBU,M,-11 .08.681',38 32.837',S,,,,,Kicheko Survey,Aziz Ismail,0786-880352,,
MTWARA,MTWARA,NANYUMBU,CHIVIRIKITI,MT.06/050,,NANDETE,E,,,S,,,,,UhuruOne,,,,
MTWARA,MTWARA,NANYUMBU,HOLOLA,MT.06/173,,NANDETE,E,,,S,,,,,UhuruOne,,,,
MTWARA,MTWARA,NANYUMBU,MIKUVA,MT.06/162,,NANDETE,E,,,S,,,,,UhuruOne,,,,
MTWARA,MTWARA,NANYUMBU,MNANJE,MT.06/163,,NANDETE,E,,,S,,,,,UhuruOne,,,,
MTWARA,MTWARA,NANYUMBU,MTALIKACHAU,MT.06/049,,NANDETE,E,,,S,,,,,UhuruOne,,,,
MTWARA,MTWARA,NANYUMBU,NAKOLE,MT.06/080,,NANDETE,E,,,S,,,,,UhuruOne,,,,
MTWARA,MTWARA,NANYUMBU,NANDETE,MT.06/061,,NANDETE,M,-10 54.336',38 48.354',S,,,,,Kicheko Survey,Saidi Mhitu,0786-896244,,
MTWARA,MTWARA,NANYUMBU,NANDETE      B,MT.06/231,,NANDETE,E,,,S,,,,,UhuruOne,,,,
MTWARA,MTWARA,NANYUMBU,NGUPE,MT.06/042,,NANDETE,E,,,S,,,,,UhuruOne,,,,
MTWARA,MTWARA,NANYUMBU,ULANGA,MT.06/137,,NANDETE,E,,,S,,,,,UhuruOne,,,,
MTWARA,MTWARA,NANYUMBU,CHIKUNJA      II,MT.06/102,,MIKANGAULA,E,,,S,,,,,UhuruOne,,,,
MTWARA,MTWARA,NANYUMBU,KAMUNDI,MT.06/035,,MIKANGAULA,E,,,,,,,,UhuruOne,,,,
MTWARA,MTWARA,NANYUMBU,KILOSA,MT.06/062,,MIKANGAULA,E,,,,,,,,UhuruOne,,,,
MTWARA,MTWARA,NANYUMBU,LIPUPU,MT.06/136,,MIKANGAULA,E,,,S,,,,,UhuruOne,,,,
MTWARA,MTWARA,NANYUMBU,MALEMA,MT.06/072,,MIKANGAULA,E,,,S,,,,,UhuruOne,,,,
MTWARA,MTWARA,NANYUMBU,MIKANGAULA,MT.06/157,,MIKANGAULA,E,,,S,,,,,UhuruOne,,,,
MTWARA,MTWARA,NANYUMBU,NANGARAMO,MT.06/086,,MIKANGAULA,E,,,,,,,,UhuruOne,,,,
MTWARA,MTWARA,NANYUMBU,MITIMINGI,MT.06/045,,MIKANGAULA,E,,,S,,,,,UhuruOne,,,,
MTWARA,MTWARA,NANYUMBU,MKAMBATA,MT.06/196,,MIKANGAULA,E,,,S,,,,,UhuruOne,,,,
MTWARA,MTWARA,NANYUMBU,MKOROMWANA,MT.06/232,,MIKANGAULA,E,,,S,,,,,UhuruOne,,,,
MTWARA,MTWARA,NANYUMBU,MKWAJUNI,MT.06/191,,MIKANGAULA,E,,,,,,,,UhuruOne,,,,
MTWARA,MTWARA,NANYUMBU,NAMATUMBUSI,MT.06/185,,MIKANGAULA,E,,,S,,,,,UhuruOne,,,,
MTWARA,MTWARA,NANYUMBU,NAHIMBA,MT.06/006,,MIKANGAULA,E,,,,,,,,UhuruOne,,,,
MTWARA,MTWARA,NANYUMBU,NAWAJE,MT.06/200,,MIKANGAULA,B,-10 48.870',38 36.280,S,,,,,Kicheko Survey,Somoe Mkwinda,0787-194795,,
MTWARA,MTWARA,NANYUMBU,CHINYANYILA,MT.06/227,,MANGAKA,E,,,S,,,,,UhuruOne,,,,
MTWARA,MTWARA,NANYUMBU,CHIPUPUTA,MT.06/096,,MANGAKA,M,-11 00.092',38 24.063',S,,,,,Kicheko Survey,Shaibu Abdilahi,0788-047478,,
MTWARA,MTWARA,NANYUMBU,CHIPUPUTA     B,MT.06/226,,MANGAKA,E,,,S,,,,,UhuruOne,,,,
MTWARA,MTWARA,NANYUMBU,KILIMANIHEWA,MT.06/153,,MANGAKA,E,,,S,,,,,UhuruOne,,,,
MTWARA,MTWARA,NANYUMBU,MAGOMENI,MT.06/194,,MANGAKA,E,,,S,,,,,UhuruOne,,,,
MTWARA,MTWARA,NANYUMBU,MANGAKA,MT.06/018,,MANGAKA,E,,,S,,,,,UhuruOne,,,,
MTWARA,MTWARA,NANYUMBU,MARA,MT.06/116,,MANGAKA,E,,,S,,,,,UhuruOne,,,,
MTWARA,MTWARA,NANYUMBU,MASYALELE,MT.06/184,,MANGAKA,M,-10 51.284',38 21.817',S,,,,,Kicheko Survey,Hassan Omari,0784-289918,,
MTWARA,MTWARA,NANYUMBU,MKOMA,MT.06/117,,MANGAKA,E,,,S,,,,,UhuruOne,,,,
MTWARA,MTWARA,NANYUMBU,MKUMBARU,MT.06/109,,MANGAKA,B,-10 46.471',38 14.809',S,,,,,Kicheko Survey,Joseph Kessy,0782-714999,,
MTWARA,MTWARA,NANYUMBU,MNEMEKA,MT.06/169,,MANGAKA,E,,,S,,,,,UhuruOne,,,,
MTWARA,MTWARA,NANYUMBU,MNONIA,MT.06/226,,MANGAKA,B,-10 53.319',38 24.859',S,,,,,Kicheko Survey,Janet Lemula,0786-317726,,
MTWARA,MTWARA,NANYUMBU,MPWAHIA,MT.06/106,,MANGAKA,E,,,S,,,,,UhuruOne,,,,
MTWARA,MTWARA,NANYUMBU,MTOKORA,MT.06/202,,MANGAKA,E,,,S,,,,,UhuruOne,,,,
MTWARA,MTWARA,NANYUMBU,MUUNGANO,MT.06/143,,MANGAKA,E,,,S,,,,,UhuruOne,,,,
MTWARA,MTWARA,NANYUMBU,MWAMBANI,MT.06/129,,MANGAKA,E,,,S,,,,,UhuruOne,,,,
MTWARA,MTWARA,NANYUMBU,NACHIURA,MT.06/113,,MANGAKA,E,,,S,,,,,UhuruOne,,,,
MTWARA,MTWARA,NANYUMBU,NAKATETE,MT.06/126,,MANGAKA,E,,,S,,,,,UhuruOne,,,,
MTWARA,MTWARA,NANYUMBU,NAMASOGO,MT.06/040,,MANGAKA,E,,,S,,,,,UhuruOne,,,,
MTWARA,MTWARA,NANYUMBU,NANGOMBA,MT.06/022,,MANGAKA,E,,,S,,,,,UhuruOne,,,,
MTWARA,MTWARA,NANYUMBU,NANJISA,MT.06/142,,MANGAKA,B,-10 59.374',38 22.120',S,,,,,Kicheko Survey,Filemon Mrekoni,0782-078866,,
MTWARA,MTWARA,NANYUMBU,NDWIKA        II,MT.06/201,,MANGAKA,E,,,S,,,,,UhuruOne,,,,
MTWARA,MTWARA,NANYUMBU,RUKUMBI,MT.06/193,,MANGAKA,E,,,S,,,,,UhuruOne,,,,
MTWARA,MTWARA,NANYUMBU,SENGENYA,MT.06/195,,MANGAKA,E,,,S,,,,,UhuruOne,,,,
MTWARA,MTWARA,NANYUMBU,CHANGWALE,MT.06/219,,MICHIGA,E,,,S,,,,,UhuruOne,,,,
MTWARA,MTWARA,NANYUMBU,CHIGWEJE,MT.06/147,,MICHIGA,E,,,S,,,,,UhuruOne,,,,
MTWARA,MTWARA,NANYUMBU,CHIMIKA,MT.06/170,,MICHIGA,E,,,S,,,,,UhuruOne,,,,
MTWARA,MTWARA,NANYUMBU,KAZAMOYO,MT.06/198,,MICHIGA,E,,,S,,,,,UhuruOne,,,,
MTWARA,MTWARA,NANYUMBU,LIKOKONA,MT.06/052,,MICHIGA,E,,,G,,,,,UhuruOne,,,,
MTWARA,MTWARA,NANYUMBU,LUMESULE,MT.06/066,,MICHIGA,E,,,S,,,,,UhuruOne,,,,
MTWARA,MTWARA,NANYUMBU,MAKONG'ONDERA,MT.06/098,,MICHIGA,B,-11 01.588',39 15.342',S,,,,,Kicheko Survey,John Mbeta,0783-818942,,
MTWARA,MTWARA,NANYUMBU,MBURUSA,MT.06/062,,MICHIGA,E,,,S,,,,,UhuruOne,,,,
MTWARA,MTWARA,NANYUMBU,MCHENJEUKA,MT.06/190,,MICHIGA,E,,,S,,,,,UhuruOne,,,,
MTWARA,MTWARA,NANYUMBU,MICHIGA,MT.06/214,,MICHIGA,E,,,S,,,,,UhuruOne,,,,
MTWARA,MTWARA,NANYUMBU,MICHIGA        B,MT.06/127,,MICHIGA,E,,,S,,,,,UhuruOne,,,,
MTWARA,MTWARA,NANYUMBU,LIKOKONA        B,MT.06/221,,MICHIGA,E,,,G,,,,,UhuruOne,,,,
MTWARA,MTWARA,NANYUMBU,MPOMBE,MT.06/036,,MICHIGA,E,,,S,,,,,UhuruOne,,,,
MTWARA,MTWARA,NANYUMBU,MSINYASI,MT.06/154,,MICHIGA,E,,,S,,,,,UhuruOne,,,,
MTWARA,MTWARA,NANYUMBU,NAKOPI,MT.06/139,,MICHIGA,E,,,S,,,,,UhuruOne,,,,
MTWARA,MTWARA,NANYUMBU,NAMAKA,MT.06/229,,MICHIGA,E,,,S,,,,,UhuruOne,,,,
MTWARA,MTWARA,NANYUMBU,NANDEMBO,MT.06/074,,MICHIGA,E,,,S,,,,,UhuruOne,,,,
MTWARA,MTWARA,NANYUMBU,NDECHELA,MT.06/024,,MICHIGA,E,,,S,,,,,UhuruOne,,,,